ax,ay,az,gx,gy,gz,mx,my,mz,label
-0.06,-0.01,-1,0.92,-2.56,0.18,0.99,-7.4,-30.36,prone
-0.06,-0.01,-1,0.98,-2.56,0.12,0.95,-7.97,-29.92,prone
-0.06,-0.01,-1,0.98,-2.44,0.06,1.1,-8.23,-29.9,prone
-0.06,-0.01,-1,0.79,-2.38,0.18,0.76,-7.91,-29.54,prone
-0.06,-0.01,-1,1.04,-2.5,0.31,0.85,-7.57,-30.44,prone
-0.06,-0.01,-1.01,1.04,-2.44,0.24,1.25,-7.54,-30.42,prone
-0.06,-0.01,-1,0.92,-2.5,0.18,0.85,-7.65,-29.49,prone
-0.06,-0.01,-1,0.98,-2.38,0.18,0.83,-7.8,-29.48,prone
-0.06,-0.01,-1,1.04,-2.56,0.12,1.46,-7.57,-30.6,prone
-0.06,-0.01,-1,0.06,-2.44,1.34,1.14,-8.06,-29.33,prone
-0.06,-0.01,-1,1.04,-2.44,0.31,1.05,-7.71,-29.7,prone
-0.06,-0.01,-1,0.98,-2.62,0.24,0.89,-8.3,-29.63,prone
-0.06,-0.01,-1,1.1,-2.62,0.18,1.12,-7.93,-29.85,prone
-0.06,-0.01,-1,0.98,-2.62,0.18,0.98,-8.23,-30.08,prone
-0.06,-0.01,-1,0.98,-2.5,0.37,0.93,-7.73,-29.16,prone
-0.06,-0.01,-1,1.28,-2.5,0.24,0.85,-8.07,-30.3,prone
-0.06,-0.01,-1,1.16,-2.56,0.24,1.12,-7.6,-30.04,prone
-0.06,-0.01,-1,1.04,-2.5,0.31,1.07,-7.79,-30.31,prone
-0.06,-0.01,-1,1.04,-2.5,0.31,1,-7.85,-29.48,prone
-0.06,-0.01,-1,1.16,-2.56,0.24,0.82,-7.98,-29.36,prone
-0.06,-0.01,-1,1.04,-2.38,0.12,1.04,-7.31,-31.7,prone
-0.06,-0.01,-1,1.04,-2.5,0.18,1.11,-7.69,-29.2,prone
-0.06,-0.01,-1,1.1,-2.5,0.24,1.01,-7.71,-29.81,prone
-0.06,-0.01,-1,1.04,-2.56,0.24,1.14,-7.96,-29.8,prone
-0.06,-0.01,-1,1.04,-2.5,0.18,0.99,-7.89,-28.36,prone
-0.06,-0.01,-1.01,0.85,-2.56,0.24,0.74,-8.19,-29.57,prone
-0.06,-0.01,-1,0.92,-2.5,0.24,0.85,-7.62,-29.49,prone
-0.06,-0.01,-1,0.98,-2.5,0.24,0.73,-7.67,-29.26,prone
-0.06,-0.01,-1,1.04,-2.62,0.12,0.92,-7.6,-29.24,prone
-0.06,-0.01,-1,0.98,-2.56,0.12,0.89,-7.41,-30.07,prone
-0.06,-0.01,-1,1.04,-2.69,0.24,0.51,-7.5,-28.7,prone
-0.06,-0.01,-1.01,0.98,-2.5,0.18,0.57,-7.98,-30.21,prone
-0.06,-0.01,-1.01,1.1,-2.56,0.24,0.92,-8.04,-30.08,prone
-0.06,-0.01,-1,1.04,-2.62,0.12,1.22,-7.85,-30.31,prone
-0.06,-0.01,-1,0.92,-2.56,0.24,0.54,-7.67,-30.14,prone
-0.06,-0.01,-1,1.04,-2.5,0.18,0.68,-7.51,-30.05,prone
-0.06,-0.01,-1,0.92,-2.62,0.24,0.46,-7.67,-29.24,prone
-0.06,-0.01,-1,0.98,-2.69,0.18,0.63,-7.71,-28.88,prone
-0.06,-0.01,-1.01,0.92,-2.62,0.24,0.93,-7.92,-29.72,prone
-0.06,-0.01,-1,1.04,-2.56,0.06,0.67,-7.89,-29.72,prone
-0.06,-0.01,-1,1.1,-2.56,0.24,1.26,-7.52,-29.91,prone
-0.06,-0.01,-1,0.92,-2.44,0.12,1.43,-7.98,-29.21,prone
-0.06,-0.01,-1,1.04,-2.38,0.31,0.72,-7.96,-29,prone
-0.06,-0.01,-1,0.98,-2.5,0.24,0.74,-7.87,-28.67,prone
-0.06,-0.01,-1,1.04,-2.62,0.06,1.27,-7.45,-29.32,prone
-0.06,-0.01,-1,1.1,-2.5,0.37,1.05,-7.89,-29.13,prone
-0.06,-0.01,-1,0.92,-2.38,0.24,1.31,-8.3,-30.36,prone
-0.06,-0.01,-1,1.1,-2.69,0.18,0.88,-7.79,-30.22,prone
-0.06,-0.01,-1,1.04,-2.56,0.24,0.83,-8.4,-28.39,prone
-0.06,-0.01,-1,1.16,-2.44,0.18,1.68,-8.12,-29.54,prone
-0.06,-0.01,-1,0.98,-2.56,0.31,1.12,-8.17,-29.39,prone
-0.06,-0.01,-1,1.04,-2.62,0.37,1.33,-8.14,-29.31,prone
-0.06,-0.01,-1,1.16,-2.5,0.18,0.76,-7.98,-28.39,prone
-0.06,-0.01,-1,0.85,-2.56,0.18,1.26,-8.19,-29.5,prone
-0.06,-0.01,-1,0.98,-2.62,0.24,0.66,-7.87,-29.77,prone
-0.06,-0.01,-1,1.04,-2.44,0.06,-0.04,-8.79,-30.13,prone
-0.06,-0.01,-1,1.1,-2.32,0.18,0.93,-8.18,-29.02,prone
-0.06,-0.01,-1.01,1.1,-2.69,0.24,0.76,-8.31,-30.19,prone
-0.06,-0.01,-1,0.92,-2.69,0.18,1.18,-8.07,-29.16,prone
-0.06,-0.01,-1,1.1,-2.56,0.18,0.95,-8.31,-30.09,prone
-0.06,-0.01,-1,1.1,-2.5,0.37,1.05,-8.59,-29.6,prone
-0.06,-0.01,-1,0.79,-2.62,0.12,0.84,-8.31,-29.63,prone
-0.06,-0.01,-1,0.98,-2.5,0.31,1.25,-8.26,-30.68,prone
-0.06,-0.01,-1,1.04,-2.56,0.24,1.1,-8.36,-30.15,prone
-0.06,-0.01,-1,0.92,-2.62,0.24,0.88,-7.82,-29.11,prone
-0.06,-0.01,-1.01,1.16,-2.62,0.12,1.07,-8.45,-29.57,prone
-0.06,-0.01,-1.01,1.04,-2.5,0.24,0.54,-7.82,-29.36,prone
-0.06,-0.01,-1.01,0.98,-2.56,0.12,0.48,-8.59,-29.2,prone
-0.06,-0.01,-1.01,0.98,-2.5,0.24,0.22,-7.43,-29.77,prone
-0.06,-0.01,-1,1.04,-2.56,0.37,1.06,-8.28,-30.04,prone
-0.06,-0.01,-1.01,1.1,-2.44,0.24,0.83,-8.35,-29.6,prone
-0.06,-0.01,-1,1.04,-2.5,0.37,0.34,-8.18,-30.03,prone
-0.06,-0.01,-1,0.98,-2.5,0.12,0.48,-7.81,-29.43,prone
-0.06,-0.01,-1,1.1,-2.56,0.31,1.17,-7.87,-29.06,prone
-0.06,-0.01,-1,0.98,-2.5,0.18,1.27,-7.96,-29.58,prone
-0.06,-0.01,-1,1.1,-2.75,0.18,0.49,-7.9,-29.3,prone
-0.06,-0.01,-1,1.04,-2.5,0.24,0.67,-8.09,-29.96,prone
-0.06,-0.01,-1,1.1,-2.44,0.24,0.63,-8.37,-29.37,prone
-0.06,-0.01,-1,0.85,-2.5,0.24,0.84,-8.2,-29.43,prone
-0.06,-0.01,-1,1.04,-2.62,0.18,0.9,-8.58,-30.11,prone
-0.06,-0.01,-1,0.92,-2.44,0.24,0.76,-8.47,-30.63,prone
-0.06,-0.01,-1,0.92,-2.5,0.31,0.63,-8.01,-29.96,prone
-0.06,-0.01,-1,0.98,-2.44,0.06,0.52,-8.54,-28.74,prone
-0.06,-0.01,-1,1.1,-2.56,0.24,0.27,-8.5,-30.24,prone
-0.06,-0.01,-1,1.1,-2.5,0.24,0.92,-8.5,-29.22,prone
-0.06,-0.01,-1,0.92,-2.44,0.18,0.61,-8.73,-30.49,prone
-0.06,-0.01,-1,1.1,-2.62,0.18,0.67,-8.42,-30.51,prone
-0.06,-0.01,-1,0.92,-2.5,0.24,0.55,-7.74,-29.68,prone
-0.06,-0.01,-1,1.1,-2.75,0.18,0.38,-8.57,-29.58,prone
-0.06,-0.01,-1.01,1.1,-2.56,0.12,0.9,-8.65,-29.15,prone
-0.06,-0.01,-1.01,0.98,-2.5,0.24,0.85,-8.26,-28.04,prone
-0.06,-0.01,-1,0.98,-2.5,0.18,0.44,-7.93,-29.24,prone
-0.06,-0.01,-1,0.98,-2.56,0.18,1.12,-8.42,-29.69,prone
-0.06,-0.01,-1,0.85,-2.56,0.24,1.12,-8.67,-29.76,prone
-0.06,-0.01,-1,0.92,-2.38,0.24,0.87,-8.58,-29.44,prone
-0.06,-0.01,-1,1.04,-2.5,0.18,1.17,-8.41,-28.7,prone
-0.06,-0.01,-1,1.04,-2.44,0.18,0.99,-8.51,-29.53,prone
-0.06,-0.01,-1,0.92,-2.32,0.24,1.27,-8.94,-29.76,prone
-0.06,-0.01,-1,1.16,-2.5,0.18,0.76,-8.84,-29.91,prone
-0.06,-0.01,-1,0.98,-2.44,0.24,1.09,-8.81,-28.94,prone
-0.06,-0.01,-1,0.98,-2.56,0.24,1.16,-9.03,-30.03,prone
-0.06,-0.01,-1,0.92,-2.38,0.18,1.17,-8.64,-29.66,prone
-0.06,-0.01,-1.01,0.92,-2.26,0,0.61,-8.17,-29.42,prone
-0.06,-0.01,-1.01,0.92,-2.5,0.24,1.06,-8.07,-28.87,prone
-0.06,-0.01,-1,1.22,-2.44,0.12,0.98,-8.06,-29.83,prone
-0.06,-0.01,-1,1.04,-2.38,0.18,0.63,-8.33,-29.61,prone
-0.06,-0.01,-1,1.04,-2.56,0.24,0.52,-8.44,-29.58,prone
-0.06,-0.01,-1,1.04,-2.62,0.24,0.2,-8.4,-30.02,prone
-0.06,-0.01,-1,1.04,-2.5,0.24,0.63,-8.45,-29.3,prone
-0.06,-0.01,-1,0.85,-2.38,0.24,0.12,-8.02,-29.24,prone
-0.06,-0.01,-1,1.04,-2.32,0.31,1.07,-8.57,-28.91,prone
-0.06,-0.01,-1,0.98,-2.44,0.18,1,-8.19,-30.27,prone
-0.06,-0.01,-1,1.04,-2.5,0.31,0.27,-8.72,-29.61,prone
-0.06,-0.01,-1,0.98,-2.44,0.18,0.61,-8.61,-29.99,prone
-0.06,-0.01,-1,0.85,-2.38,0.12,0.26,-8.81,-28.77,prone
-0.06,-0.01,-1.01,1.04,-2.44,0.24,0.59,-8.17,-27.67,prone
-0.06,-0.01,-1.01,1.16,-2.38,0.18,0.92,-8.36,-29.93,prone
-0.06,-0.01,-1,1.1,-2.5,0.24,-0.06,-7.79,-28.92,prone
-0.06,-0.01,-1,0.98,-2.44,0.18,0.52,-8.06,-29.72,prone
-0.06,-0.01,-1,0.92,-2.44,0.18,0.59,-8.19,-30.05,prone
-0.06,-0.01,-1,1.04,-2.62,0.24,0.82,-8.25,-28.8,prone
-0.06,-0.01,-1,1.04,-2.32,0.12,1,-8,-29.9,prone
-0.06,-0.01,-1,1.1,-2.32,0.31,0.72,-8.85,-29.25,prone
-0.06,-0.01,-1,0.92,-2.38,0.12,0.51,-8.31,-29.82,prone
-0.06,-0.01,-1,1.16,-2.5,0.31,0.54,-8.07,-29.47,prone
-0.06,-0.01,-1,1.04,-2.62,0.18,1.48,-8.26,-28.69,prone
-0.06,-0.01,-1,1.04,-2.44,0.24,0.9,-8.36,-29.3,prone
-0.06,-0.01,-1,0.98,-2.62,0.24,0.67,-8.04,-29.08,prone
-0.06,-0.01,-1.01,0.85,-2.5,0.18,0.81,-8.5,-29.72,prone
-0.06,-0.01,-1,1.04,-2.44,0.06,0.68,-8.26,-29.92,prone
-0.06,-0.01,-1,0.98,-2.44,0.12,0.39,-8.14,-29.8,prone
-0.06,-0.01,-1,0.98,-2.5,0.12,0.9,-8.03,-29.43,prone
-0.06,-0.01,-1,1.04,-2.44,0.18,0.94,-8.07,-29.6,prone
-0.06,-0.01,-1,0.98,-2.5,0.24,1,-8.19,-28.2,prone
-0.06,-0.01,-1.01,0.98,-2.38,0.31,1.34,-8.54,-29.5,prone
-0.06,-0.01,-1.01,0.98,-2.44,0.31,1.29,-8.02,-29.58,prone
-0.06,-0.01,-1,1.04,-2.5,0.18,1.15,-8,-29.19,prone
-0.06,-0.01,-1,0.98,-2.44,0.18,0.96,-8.26,-29.04,prone
-0.06,-0.01,-1,0.98,-2.62,0,1.32,-8.12,-29.35,prone
-0.06,-0.01,-1,0.92,-2.44,0.24,0.89,-8.65,-29.82,prone
-0.06,-0.01,-1,1.1,-2.5,0.37,0.63,-8.58,-28.48,prone
-0.06,-0.01,-1.01,0.92,-2.62,0.24,0.65,-8.39,-28.89,prone
-0.06,-0.01,-1,1.16,-2.5,0.18,1.21,-8.47,-29.25,prone
-0.06,-0.01,-1,1.1,-2.5,0.12,0.67,-8.31,-29.14,prone
-0.06,-0.01,-1,0.85,-2.5,0.18,0.77,-8.19,-29.02,prone
-0.06,-0.01,-1,0.98,-2.5,0.18,1.04,-8.3,-30.05,prone
-0.06,-0.01,-1,1.1,-2.62,0.18,0.54,-8.65,-29.21,prone
-0.06,-0.01,-1.01,1.16,-2.5,0.24,0.76,-8.23,-28.98,prone
-0.06,-0.01,-1,0.98,-2.62,0,0.95,-8,-29.22,prone
-0.06,-0.01,-1,1.1,-2.38,0.24,0.72,-8.39,-30.32,prone
-0.06,-0.01,-1,1.04,-2.62,0.31,0.98,-8.37,-29.31,prone
-0.06,-0.01,-1,1.1,-2.38,0.24,0.7,-8.26,-29.49,prone
-0.06,-0.01,-1,1.1,-2.56,0.18,0.85,-7.53,-30.4,prone
-0.06,-0.01,-1,0.85,-2.38,0.12,0.68,-8.45,-30.16,prone
-0.06,-0.01,-1,1.1,-2.38,0.18,0.77,-8.45,-29.64,prone
-0.06,-0.01,-1,0.92,-2.44,0.18,1.16,-8.28,-29.94,prone
-0.06,-0.01,-1,0.98,-2.44,0.18,1.39,-8.02,-29.6,prone
-0.06,-0.01,-1,1.04,-2.5,0.31,0.99,-7.97,-28.38,prone
-0.06,-0.01,-1,0.98,-2.5,0.37,1.03,-7.79,-29.28,prone
-0.06,-0.01,-1,1.04,-2.38,0.31,0.6,-8.18,-29.44,prone
-0.06,-0.01,-1.01,0.98,-2.44,0.24,0.94,-7.76,-30.07,prone
-0.06,-0.01,-1,0.92,-2.44,0.31,0.95,-7.79,-28.85,prone
-0.06,-0.01,-1,0.92,-2.26,0.12,0.68,-7.9,-29.32,prone
-0.06,-0.01,-1,0.92,-2.44,0.24,0.56,-7.97,-29.1,prone
-0.06,-0.01,-1,0.98,-2.38,0.18,0.81,-8.44,-30.37,prone
-0.06,-0.01,-1,0.92,-2.26,0.12,0.62,-8.24,-28.76,prone
-0.06,-0.01,-1.01,1.04,-2.5,0.24,0.43,-7.56,-29.64,prone
-0.06,-0.01,-1.01,1.04,-2.69,0.12,0.92,-8.17,-29.91,prone
-0.06,-0.01,-1,1.04,-2.44,0.12,0.51,-7.87,-29.47,prone
-0.06,-0.01,-1,1.1,-2.62,0.31,0.49,-7.28,-30.07,prone
-0.06,-0.01,-1,0.98,-2.5,0.18,0.29,-8.29,-29.13,prone
-0.06,-0.01,-1,1.1,-2.44,0.37,0.71,-8.17,-29.15,prone
-0.06,-0.01,-1,0.98,-2.44,0.12,1.07,-8.19,-29.57,prone
-0.06,-0.01,-1,1.04,-2.5,0.24,0.96,-8.22,-29.24,prone
-0.06,-0.01,-1,0.98,-2.56,0.06,1.11,-7.81,-29.04,prone
-0.06,-0.01,-1,0.98,-2.62,0.12,1.46,-8.36,-29.37,prone
-0.06,-0.01,-1,0.85,-2.56,0.12,0.66,-8.36,-29.28,prone
-0.06,-0.01,-1,0.92,-2.56,0.24,1.03,-7.69,-29.53,prone
-0.06,-0.01,-1,1.1,-2.38,0.06,0.79,-8.19,-28.37,prone
-0.06,-0.01,-1,1.04,-2.56,0.24,1.12,-7.92,-29.75,prone
-0.06,-0.01,-1.01,0.92,-2.69,0.24,0.73,-8.28,-29.87,prone
-0.06,-0.01,-1,0.92,-2.44,0.18,1.21,-7.52,-29.46,prone
-0.06,-0.01,-1,1.1,-2.56,0.24,0.92,-7.65,-31.93,prone
-0.06,-0.01,-1,1.04,-2.44,0.31,1.38,-7.28,-31.4,prone
-0.06,-0.01,-1,1.1,-2.5,0.37,0.76,-8.48,-30.2,prone
-0.06,-0.01,-1,1.16,-2.5,0.31,1.01,-8.07,-29.66,prone
-0.06,-0.01,-1.01,0.85,-2.56,0.18,1.1,-8.19,-29.24,prone
-0.06,-0.01,-1,1.1,-2.56,0.24,0.68,-8.07,-29.02,prone
-0.06,-0.01,-1,0.98,-2.26,0.24,0.88,-7.53,-28.96,prone
-0.06,-0.01,-1,0.92,-2.5,0.24,1.09,-8.04,-30.74,prone
-0.06,-0.01,-1,1.04,-2.5,0.24,0.71,-7.96,-29.35,prone
-0.06,-0.01,-1,1.1,-2.44,0.18,1.17,-7.68,-29.74,prone
-0.06,-0.01,-1,1.04,-2.56,0.18,0.51,-7.64,-29.65,prone
-0.06,-0.01,-1.01,1.04,-2.5,0.18,0.83,-7.71,-28.53,prone
-0.06,-0.01,-1,1.04,-2.44,0.12,1.09,-7.4,-29.72,prone
-0.06,-0.01,-1,1.04,-2.32,0.24,1.17,-7.79,-29.69,prone
-0.06,-0.01,-1,0.85,-2.44,0.18,0.99,-7.48,-29.65,prone
-0.06,-0.01,-1,0.98,-2.38,0.12,1,-8.14,-29.79,prone
-0.06,-0.01,-1,1.04,-2.5,0.31,1.18,-7.78,-29.32,prone
-0.06,-0.01,-1,0.98,-2.5,0.24,0.78,-8.46,-29.54,prone
-0.06,-0.01,-1,1.1,-2.44,0.12,1.11,-8.13,-28.86,prone
-0.06,-0.01,-1,1.1,-2.5,0.18,0.73,-7.98,-28.83,prone
-0.06,-0.01,-1,0.98,-2.44,0.18,0.55,-8.33,-29.32,prone
-0.06,-0.01,-1,1.04,-2.5,0.24,0.95,-8.4,-29.9,prone
-0.06,-0.01,-1,0.98,-2.56,0.06,1.16,-8.36,-28.58,prone
-0.06,-0.01,-1,0.92,-2.44,0.12,1.18,-8.69,-29.53,prone
-0.06,-0.01,-1.01,0.85,-2.56,0.12,0.74,-7.74,-28.78,prone
-0.06,-0.01,-1,0.98,-2.44,0.18,0.84,-8.23,-29.75,prone
-0.06,-0.01,-1,0.98,-2.5,0.12,0.56,-7.81,-29.86,prone
-0.06,-0.01,-1,0.92,-2.5,0.24,0.6,-7.98,-29.88,prone
-0.06,-0.01,-1,1.16,-2.44,0.18,1.09,-7.62,-30.49,prone
-0.06,-0.01,-1,0.85,-2.38,0.24,0.77,-8.15,-29.32,prone
-0.06,-0.01,-1,1.04,-2.56,0.12,0.4,-8.08,-29.92,prone
-0.06,-0.01,-1,0.98,-2.44,0.24,0.73,-8.73,-29.63,prone
-0.06,-0.01,-1,0.98,-2.5,0.24,0.29,-7.96,-29.19,prone
-0.06,-0.01,-1,0.92,-2.44,0.18,0.94,-8.07,-28.91,prone
-0.06,-0.01,-1,1.16,-2.44,0.12,0.88,-7.62,-29.06,prone
-0.06,-0.01,-1,1.04,-2.44,0.06,0.39,-7.64,-28.58,prone
-0.06,-0.01,-1,0.85,-2.44,0.24,0.48,-7.86,-29.82,prone
-0.06,-0.01,-1.01,0.85,-2.56,0.24,0.34,-8.25,-29.66,prone
-0.06,-0.01,-1,0.98,-2.56,0.24,0.71,-8.64,-29.47,prone
-0.06,-0.01,-1,0.92,-2.44,0.24,1.2,-7.89,-29.7,prone
-0.06,-0.01,-1,0.92,-2.5,0.18,0.5,-8.12,-29.52,prone
-0.06,-0.01,-1,0.98,-2.5,0.12,0.16,-8.08,-28.76,prone
-0.06,-0.01,-1,1.04,-2.32,0.37,0.66,-8.26,-29.1,prone
-0.06,-0.01,-1,1.04,-2.44,0.12,0.67,-7.56,-28.86,prone
-0.06,-0.01,-1,1.16,-2.32,0.24,1.2,-8.22,-29.71,prone
-0.06,-0.01,-1,1.04,-2.44,0.12,0.29,-7.81,-28.96,prone
-0.06,-0.01,-1,1.1,-2.5,0.37,1.39,-8.12,-29.02,prone
-0.06,-0.01,-1,0.98,-2.38,0.18,0.76,-8.02,-29.16,prone
-0.06,-0.01,-1,0.98,-2.5,0.24,0.74,-8.04,-28.67,prone
-0.06,-0.01,-1,1.04,-2.38,0.18,1.29,-8.31,-29.3,prone
-0.06,-0.01,-1,1.1,-2.44,0.18,0.84,-7.96,-29.3,prone
-0.06,-0.01,-1,1.1,-2.38,0.18,1.1,-8.12,-29.46,prone
-0.06,-0.01,-1,1.04,-2.5,0.24,0.92,-8.04,-29.97,prone
-0.06,-0.01,-1,1.1,-2.26,0.24,0.76,-7.96,-28.69,prone
-0.06,-0.01,-1,1.04,-2.44,0.18,1.32,-8.06,-29.83,prone
-0.06,-0.01,-1,0.98,-2.44,0.31,1.38,-8.3,-29.36,prone
-0.06,-0.01,-1.01,1.04,-2.5,0.31,1.11,-7.71,-29.43,prone
-0.06,-0.01,-1,0.85,-2.44,0.12,1.01,-8.07,-30.05,prone
-0.06,-0.01,-1,1.04,-2.44,0.06,0.88,-8.09,-29.41,prone
-0.06,-0.01,-1,1.04,-2.5,0.31,0.77,-7.41,-29.21,prone
-0.06,-0.01,-1,1.1,-2.56,0.24,0.67,-7.63,-30.25,prone
-0.06,-0.01,-1,1.16,-2.38,0.31,0.87,-7.54,-29.71,prone
-0.06,-0.01,-1,0.98,-2.56,0.31,0.63,-8.42,-29.06,prone
-0.06,-0.01,-1,1.04,-2.32,0.24,1.06,-7.76,-30.1,prone
-0.06,-0.01,-1,1.1,-2.38,0.24,0.71,-8.33,-28.91,prone
-0.06,-0.01,-1,1.1,-2.5,0.37,1.55,-8.15,-29.76,prone
-0.06,-0.01,-1,1.16,-2.56,0.24,1.16,-7.95,-30.35,prone
-0.06,-0.01,-1,1.1,-2.32,0.24,0.88,-8.29,-28.75,prone
-0.06,-0.01,-1,1.1,-2.44,0.31,0.72,-8.03,-28.98,prone
-0.06,-0.01,-1,1.04,-2.38,0.31,1.14,-8.37,-29.36,prone
-0.06,-0.01,-1,1.04,-2.2,0.31,1.09,-8.74,-29.53,prone
-0.06,-0.01,-1,1.1,-2.38,0.12,1.46,-8.44,-29.69,prone
-0.06,-0.01,-1,0.98,-2.32,0.18,1.31,-8.63,-29.91,prone
-0.06,-0.01,-1,0.98,-2.44,0.18,0.89,-8.48,-30.21,prone
-0.06,-0.01,-1,1.04,-2.44,0.24,0.7,-8.57,-29.05,prone
-0.06,-0.01,-1,1.28,-2.56,0.24,1.2,-8.36,-28.83,prone
-0.06,-0.01,-1.01,0.92,-2.62,0.18,1.04,-8.34,-29.15,prone
-0.06,-0.01,-1,0.85,-2.44,0.24,0.74,-8.18,-29.39,prone
-0.06,-0.01,-1,1.04,-2.56,0.37,0.96,-8.45,-29.47,prone
-0.06,-0.01,-1,0.85,-2.38,0.18,0.65,-7.74,-28.58,prone
-0.06,-0.01,-1,0.98,-2.5,0.18,0.87,-8.11,-30.62,prone
-0.06,-0.01,-1,1.1,-2.44,0.18,0.92,-8.8,-29.68,prone
-0.06,-0.01,-1,1.04,-2.5,0.24,0.76,-7.92,-29.59,prone
-0.06,-0.01,-1,0.92,-2.38,0.24,1.11,-8.5,-29.69,prone
-0.06,-0.01,-1,0.92,-2.44,0.18,0.72,-8.37,-30.96,prone
-0.06,-0.01,-1,0.98,-2.44,0.18,1.42,-8.17,-29.2,prone
-0.06,-0.01,-1,1.16,-2.38,0.12,1.09,-8.24,-28.87,prone
-0.06,-0.01,-1,0.98,-2.5,0.31,0.52,-8.42,-28.74,prone
-0.06,-0.01,-1,0.92,-2.44,0.24,0.85,-8.24,-29.38,prone
-0.06,-0.01,-1,0.98,-2.5,0.18,1.11,-8.42,-29.64,prone
-0.06,-0.01,-1,1.04,-2.56,0.31,1.16,-8.11,-29.79,prone
-0.06,-0.01,-1,0.92,-2.5,0.18,0.98,-7.6,-30.37,prone
-0.06,-0.01,-1,0.92,-2.56,0.18,1.25,-7.78,-30.11,prone
-0.06,-0.01,-1,1.16,-2.38,0.12,1.01,-8.44,-29.92,prone
-0.06,-0.01,-1.01,1.04,-2.5,0.31,1.11,-8.09,-29.21,prone
-0.06,-0.01,-1.01,1.1,-2.56,0.31,0.67,-8.03,-29.3,prone
-0.06,-0.01,-1,1.04,-2.44,0.31,0.74,-8.45,-29.96,prone
-0.06,-0.01,-1,0.92,-2.32,0.24,0.96,-8.12,-30.86,prone
-0.06,-0.01,-1,0.98,-2.62,0.18,0.52,-7.8,-30.38,prone
-0.06,-0.01,-1,1.04,-2.44,0.37,0.93,-8.23,-29.08,prone
-0.06,-0.01,-1,1.1,-2.32,0.24,0.78,-8.36,-29.39,prone
-0.06,-0.01,-1,1.04,-2.44,0.18,0.84,-8.39,-29.28,prone
-0.06,-0.01,-1,0.92,-2.62,0.31,1,-7.85,-29.41,prone
-0.06,-0.01,-1,1.1,-2.44,0.12,0.96,-8.36,-30.22,prone
-0.06,-0.01,-1,1.04,-2.5,0.24,0.78,-8.34,-29.72,prone
-0.06,-0.01,-1,1.22,-2.5,0.24,1.5,-8.14,-28.69,prone
-0.06,-0.01,-1,0.98,-2.56,0.18,0.95,-8.28,-29.8,prone
-0.06,-0.01,-1,0.98,-2.62,0.18,0.84,-8.41,-30.09,prone
-0.06,-0.01,-1.01,1.1,-2.56,0.24,1.21,-8.24,-29.17,prone
-0.06,-0.01,-1,1.1,-2.5,0.18,0.9,-7.63,-30.15,prone
-0.06,-0.01,-1,1.1,-2.56,0.12,0.88,-8.17,-29.63,prone
-0.06,-0.01,-1,1.1,-2.56,0.18,0.62,-7.79,-28.83,prone
-0.06,-0.01,-1,0.98,-2.56,0.31,0.92,-7.87,-29.87,prone
-0.06,-0.01,-1,1.16,-2.44,0.24,0.84,-7.89,-29.54,prone
-0.06,-0.01,-1.01,1.16,-2.38,0.18,0.88,-8.04,-29.39,prone
-0.06,-0.01,-1,0.98,-2.38,0.31,0.87,-8.22,-29.7,prone
-0.06,-0.01,-1,0.98,-2.5,0.31,1,-7.56,-29.86,prone
-0.06,-0.01,-1,1.1,-2.44,0.18,0.84,-8.12,-30.03,prone
-0.06,-0.01,-1,1.1,-2.56,0.18,0.79,-7.65,-29.82,prone
-0.06,-0.01,-1,0.92,-2.5,0.24,0.81,-7.82,-29.21,prone
-0.06,-0.01,-1,1.04,-2.5,0.24,1.01,-8.35,-29.76,prone
-0.06,-0.01,-1.01,1.1,-2.44,0.18,0.89,-8.34,-29.42,prone
-0.06,-0.01,-1,0.98,-2.44,0.18,1.18,-8.44,-28.92,prone
-0.06,-0.01,-1,1.1,-2.62,0.12,0.73,-8.09,-29.16,prone
-0.06,-0.01,-1,1.04,-2.5,0.18,0.7,-8.5,-29.47,prone
-0.06,-0.01,-1,1.04,-2.5,0.12,0.96,-8.04,-29.04,prone
-0.06,-0.01,-1,0.98,-2.5,0.12,1.15,-8.37,-28.93,prone
-0.06,-0.01,-1.01,0.98,-2.44,0.31,0.55,-8.12,-30.76,prone
-0.06,-0.01,-1,1.16,-2.44,0.31,0.87,-7.8,-29.79,prone
-0.06,-0.01,-1,1.1,-2.69,0.24,1.1,-7.98,-28.97,prone
-0.06,-0.01,-1,0.92,-2.5,0.06,0.45,-7.8,-30.37,prone
-0.06,-0.01,-1,1.1,-2.5,0.18,0.57,-7.96,-28.49,prone
-0.06,-0.01,-1,0.85,-2.44,0.31,1.43,-7.81,-28.94,prone
-0.06,-0.01,-1,0.92,-2.56,0,1.23,-8.06,-29.52,prone
-0.06,-0.01,-1,1.1,-2.62,0.18,0.52,-8.39,-29.68,prone
-0.06,-0.01,-1,0.92,-2.5,0.24,0.98,-7.81,-29.93,prone
-0.06,-0.01,-1,1.04,-2.62,0.31,0.52,-7.86,-28.87,prone
-0.06,-0.01,-1,0.98,-2.38,0.31,1.11,-8.14,-28.56,prone
-0.06,-0.01,-1,1.04,-2.75,0.24,0.65,-7.9,-28.8,prone
-0.06,-0.01,-1,1.16,-2.5,0.24,0.55,-7.89,-29.92,prone
-0.06,-0.01,-1.01,1.1,-2.62,0.12,0.98,-7.87,-29.22,prone
-0.06,-0.01,-1.01,1.04,-2.69,0.24,0.43,-8.03,-29.68,prone
-0.06,-0.01,-1,0.85,-2.56,0.18,1.15,-8.5,-29.64,prone
-0.06,-0.01,-1,0.98,-2.56,0.12,0.42,-8.34,-28.65,prone
-0.06,-0.01,-1,1.16,-2.5,0.24,0.99,-7.91,-29.5,prone
-0.06,-0.01,-1,1.04,-2.62,0.24,0.43,-7.81,-29.93,prone
-0.06,-0.01,-1,0.98,-2.93,0.24,1.06,-7.81,-30.83,prone
-0.06,-0.01,-1,1.1,-2.69,0.12,0.35,-7.74,-28.14,prone
-0.06,-0.01,-1,0.85,-2.56,0.24,0.21,-8.51,-29.47,prone
-0.06,-0.01,-1,0.92,-2.5,0.24,1.01,-7.75,-29.22,prone
-0.06,-0.01,-1,0.98,-2.62,0.24,0.66,-8.13,-29.22,prone
-0.06,-0.01,-1,1.04,-2.62,0.31,0.98,-7.85,-30.04,prone
-0.06,-0.01,-1,0.98,-2.62,0.31,0.81,-7.87,-29.2,prone
-0.06,-0.01,-1.01,1.1,-2.56,0.18,0.62,-8.37,-30.14,prone
-0.06,-0.01,-1,0.98,-2.56,0.18,0.51,-8.2,-29,prone
-0.06,-0.01,-1,1.1,-2.44,0.24,0.73,-8.18,-28.87,prone
-0.06,-0.01,-1,1.04,-2.56,0.18,0.72,-8.23,-29.26,prone
-0.06,-0.01,-1,0.79,-2.62,0.12,0.4,-8.23,-28.81,prone
-0.06,-0.01,-1,1.04,-2.5,0.18,0.88,-8.22,-29.71,prone
-0.06,-0.01,-1,0.98,-2.5,0.24,0.73,-8.7,-29.32,prone
-0.06,-0.01,-1.01,1.04,-2.56,0.06,0.39,-7.75,-29.55,prone
-0.06,-0.01,-1,1.04,-2.56,0.18,0.98,-8.2,-28.85,prone
-0.06,-0.01,-1,1.16,-2.44,0.43,1.1,-8.33,-29.79,prone
-0.06,-0.01,-1,0.92,-2.69,0.12,0.44,-8.63,-29.71,prone
-0.06,-0.01,-1,1.1,-2.62,0.06,1.06,-8.26,-29.36,prone
-0.06,-0.01,-1,1.04,-2.69,0.24,0.55,-7.26,-30.11,prone
-0.06,-0.01,-1,1.1,-2.62,0.31,0.92,-7.92,-29.79,prone
-0.06,-0.01,-1,1.1,-2.56,0.18,0.83,-8.52,-29.79,prone
-0.06,-0.01,-1,1.04,-2.5,0.24,0.76,-8.02,-29.69,prone
-0.06,-0.01,-1,1.04,-2.62,0.31,0.95,-8.02,-29.7,prone
-0.06,-0.01,-1,1.1,-2.56,0.24,0.72,-8.29,-29.8,prone
-0.06,-0.01,-1,1.1,-2.62,0.37,0.52,-8.65,-29.13,prone
-0.06,-0.01,-1,0.92,-2.38,0.18,0.77,-8.25,-30.46,prone
-0.06,-0.01,-1,1.16,-2.69,0.24,1.05,-7.92,-29.64,prone
-0.06,-0.01,-1,1.04,-2.69,0.18,0.61,-8.22,-29.82,prone
-0.06,-0.01,-1,1.16,-2.62,0.31,0.87,-7.86,-29.46,prone
-0.06,-0.01,-1,0.98,-2.75,0.24,0.72,-7.91,-28.52,prone
-0.06,-0.01,-1,0.98,-2.62,0.31,0.61,-7.39,-30.4,prone
-0.06,-0.01,-1,0.98,-2.56,0.31,0.84,-7.48,-30.21,prone
-0.06,-0.01,-1,0.92,-2.69,0.31,0.57,-8.19,-29.26,prone
-0.06,-0.01,-1,0.92,-2.56,0.31,1.12,-8.01,-29.46,prone
-0.06,-0.01,-1,0.98,-2.5,0.18,-0.56,-7.48,-30.19,prone
-0.06,-0.01,-1,1.04,-2.62,0.24,0.37,-7.76,-29.43,prone
-0.06,-0.01,-1,0.98,-2.62,0.24,1.16,-8.24,-29.91,prone
-0.06,-0.01,-1,0.92,-2.69,0.12,0.7,-8.29,-28.69,prone
-0.06,-0.01,-1,1.04,-2.62,0.18,0.4,-7.98,-29.52,prone
-0.06,-0.01,-1.01,1.04,-2.62,0.24,1.07,-7.95,-29.2,prone
-0.06,-0.01,-1.01,0.98,-2.5,0.24,0.74,-8.14,-28.64,prone
-0.06,-0.01,-1,1.04,-2.5,0.18,1.04,-8.13,-29.03,prone
-0.06,-0.01,-1,1.1,-2.62,0.18,1.18,-7.79,-29.6,prone
-0.06,-0.01,-1,0.92,-2.75,0.31,0.77,-7.9,-29.99,prone
-0.06,-0.01,-1,1.16,-2.56,0.24,0.96,-7.67,-29.19,prone
-0.06,-0.01,-1,0.98,-2.38,0.43,1.05,-8.33,-29.46,prone
-0.06,-0.01,-1,1.04,-2.56,0.24,0.89,-7.91,-29.75,prone
-0.06,-0.01,-1,1.04,-2.69,0.18,0.73,-7.46,-30.3,prone
-0.06,-0.01,-1,1.1,-2.62,0.18,0.81,-7.95,-28.89,prone
-0.06,-0.01,-1,0.92,-2.62,0.18,0.94,-8.23,-29.14,prone
-0.06,-0.01,-1,1.1,-2.75,0.43,0.87,-8.11,-28.31,prone
-0.06,-0.01,-1,1.04,-2.5,0.31,0.68,-7.97,-28.49,prone
-0.06,-0.01,-1.01,0.98,-2.56,0.37,1.12,-7.52,-29.26,prone
-0.06,-0.01,-1,1.1,-2.38,0.12,0.89,-7.69,-29.91,prone
-0.06,-0.01,-1,0.98,-2.56,0.24,0.71,-8.18,-29.96,prone
-0.06,-0.01,-1,1.16,-2.5,0.31,0.93,-8.12,-29.7,prone
-0.06,-0.01,-1,1.04,-2.56,0.31,1.35,-7.74,-29.13,prone
-0.06,-0.01,-1,0.98,-2.75,0.24,0.83,-7.63,-28.86,prone
-0.06,-0.01,-1.01,1.04,-2.69,0.18,0.66,-7.14,-31.16,prone
-0.06,-0.01,-1,1.16,-2.75,0.24,0.18,-8.02,-29.32,prone
-0.06,-0.01,-1,1.1,-2.75,0.18,0.72,-8.2,-29.63,prone
-0.06,-0.01,-1,1.04,-2.75,0.12,-0.21,-8.08,-29.46,prone
-0.06,-0.01,-1,1.1,-2.56,0.31,1.06,-7.67,-29.5,prone
-0.06,-0.01,-1,0.92,-2.62,0.24,0.29,-7.96,-29.36,prone
-0.06,-0.01,-1,0.92,-2.56,0.31,1.09,-7.8,-28.65,prone
-0.06,-0.01,-1,0.98,-2.62,0.18,0.6,-8.39,-29.41,prone
-0.06,-0.01,-1,1.16,-2.5,0.12,0.74,-8.11,-30.13,prone
-0.06,-0.01,-1,1.1,-2.62,0.18,0.83,-8.22,-29.33,prone
-0.06,-0.01,-1,1.04,-2.62,0.24,0.98,-7.92,-29.42,prone
-0.06,-0.01,-1,1.04,-2.69,0.24,0.44,-7.54,-30.27,prone
-0.06,-0.01,-1.01,1.04,-2.81,0.24,0.78,-7.63,-29.02,prone
-0.06,-0.01,-1.01,1.1,-2.75,0.18,0.76,-7.45,-30.29,prone
-0.06,-0.01,-1.01,0.98,-2.56,0.31,0.68,-8.07,-28.63,prone
-0.06,-0.01,-1,1.16,-2.75,0.37,0.95,-8.01,-29.26,prone
-0.06,-0.01,-1,1.04,-2.62,0.12,0.65,-8.04,-29.21,prone
-0.06,-0.01,-1,1.16,-2.62,0.18,0.54,-8.31,-28.93,prone
-0.06,-0.01,-1,1.04,-2.5,0.31,0.54,-8.28,-29.79,prone
-0.06,-0.01,-1.01,1.04,-2.5,0.24,0.09,-7.57,-29.58,prone
-0.06,-0.01,-1,1.1,-2.56,0.12,0.46,-8.06,-29.13,prone
-0.06,-0.01,-1,0.92,-2.44,0.18,-0.06,-8.28,-29.09,prone
-0.06,-0.01,-1,1.04,-2.5,0.31,0.77,-8.06,-28.14,prone
-0.06,-0.01,-1,1.04,-2.62,0.37,0.85,-7.9,-29.35,prone
-0.06,-0.01,-1,0.98,-2.5,0.18,1.01,-7.93,-29.74,prone
-0.06,-0.01,-1,0.92,-2.5,0.12,1.21,-7.97,-29.71,prone
-0.06,-0.01,-1.01,1.1,-2.5,0.31,1.05,-7.84,-29.96,prone
-0.06,-0.01,-1,0.98,-2.38,0.06,0.31,-7.89,-28.66,prone
-0.06,-0.01,-1,0.98,-2.62,0.24,0.65,-8.08,-29.32,prone
-0.06,-0.01,-1,0.98,-2.62,0.24,1.21,-7.76,-28.8,prone
-0.06,-0.01,-1,1.16,-2.38,0.24,0.67,-7.86,-29.66,prone
-0.06,-0.01,-1,0.98,-2.38,0.31,0.78,-7.93,-28.93,prone
-0.06,-0.01,-1.01,0.98,-2.62,0.18,1.18,-8.35,-30.07,prone
-0.06,-0.01,-1,1.04,-2.5,0.31,0.98,-8.04,-30.07,prone
-0.06,-0.01,-1.01,0.92,-2.44,0.31,1.31,-8.51,-29.66,prone
-0.06,-0.01,-1,1.22,-2.5,0.18,1.16,-8.15,-30.14,prone
-0.06,-0.01,-1,1.04,-2.44,0.18,1.07,-7.65,-29.61,prone
-0.06,-0.01,-1,0.92,-2.62,0.24,1.07,-7.8,-29.8,prone
-0.06,-0.01,-1,1.1,-2.62,0.18,1.15,-7.68,-29.6,prone
-0.06,-0.01,-1,0.98,-2.44,0.31,1.21,-7.9,-29.75,prone
-0.06,-0.01,-1,0.85,-2.44,0.12,1.27,-7.59,-29.88,prone
-0.06,-0.01,-1,1.04,-2.56,0.18,1.28,-8.13,-28.74,prone
-0.06,-0.01,-1,1.1,-2.44,0.37,1.01,-7.43,-29.81,prone
-0.06,-0.01,-1,0.92,-2.62,0.24,0.94,-7.87,-30.02,prone
-0.06,-0.01,-1,1.04,-2.69,0.18,1.27,-8.53,-29.93,prone
-0.06,-0.01,-1.01,1.1,-2.62,0.12,1.01,-7.78,-29.22,prone
-0.06,-0.01,-1,1.1,-2.5,0.37,0.85,-8.09,-29.2,prone
-0.06,-0.01,-1,0.92,-2.56,0.24,0.57,-7.79,-29.11,prone
-0.06,-0.01,-1,0.92,-2.32,0.18,0.22,-7.76,-29.41,prone
-0.06,-0.01,-1,1.1,-2.5,0.24,-0.06,-7.46,-29.64,prone
-0.06,-0.01,-1,1.04,-2.62,0.18,0.35,-7.03,-28.82,prone
-0.06,-0.01,-1,0.98,-2.44,0.37,0.9,-7.4,-29.5,prone
-0.06,-0.01,-1,0.92,-2.44,0.24,0.73,-7.43,-29.05,prone
-0.06,-0.01,-1,0.98,-2.5,0.18,0.67,-8.01,-29.37,prone
-0.06,-0.01,-1,1.04,-2.62,0.37,0.89,-7.69,-29.92,prone
-0.06,-0.01,-1,0.92,-2.62,0.18,0.56,-7.53,-29.32,prone
-0.06,-0.01,-1,1.04,-2.5,0.24,0.9,-7.89,-29.17,prone
-0.06,-0.01,-1,0.92,-2.56,0.24,1.1,-7.89,-29.7,prone
-0.06,-0.01,-1.01,0.92,-2.56,0.18,1.09,-7.98,-29.35,prone
-0.06,-0.01,-1.01,0.98,-2.69,0.18,0.68,-8.04,-29.7,prone
-0.06,-0.01,-1,1.1,-2.62,0.18,0.57,-7.95,-29,prone
-0.06,-0.01,-1,1.1,-2.5,0.18,0.74,-7.32,-29.24,prone
-0.06,-0.01,-1,1.1,-2.38,0.18,0.88,-7.79,-30.54,prone
-0.06,-0.01,-1,1.04,-2.44,0.31,0.96,-7.53,-28.7,prone
-0.06,-0.01,-1,1.04,-2.56,0.31,1.29,-7.78,-29.31,prone
-0.06,-0.01,-1,0.92,-2.56,0.37,0.61,-8.25,-29.19,prone
-0.06,-0.01,-1,0.98,-2.5,0.18,1.35,-8.17,-30.53,prone
-0.06,-0.01,-1,1.16,-2.5,0.18,0.92,-7.8,-29.3,prone
-0.06,-0.01,-1,1.1,-2.62,0.31,1.29,-7.75,-29.15,prone
-0.06,-0.01,-1,1.1,-2.62,0.18,1.44,-7.56,-29.33,prone
-0.06,-0.01,-1,1.04,-2.44,0.18,0.92,-7.52,-29.46,prone
-0.06,-0.01,-1,0.98,-2.56,0.18,0.89,-7.97,-29.27,prone
-0.06,-0.01,-1,0.98,-2.56,0.24,0.74,-7.45,-28.39,prone
-0.06,-0.01,-1,0.92,-2.5,0.24,0.67,-7.98,-29.92,prone
-0.06,-0.01,-1,0.98,-2.44,0.12,0.71,-7.48,-29.57,prone
-0.06,-0.01,-1,0.98,-2.38,0.12,1.11,-6.86,-29.38,prone
-0.06,-0.01,-1,1.1,-2.62,0.31,0.22,-7.17,-29.94,prone
-0.06,-0.01,-1.01,1.04,-2.56,0.43,0.99,-8.08,-29.06,prone
-0.06,-0.01,-1,0.92,-2.32,0.31,1.17,-7.59,-29.82,prone
-0.06,-0.01,-1,1.1,-2.62,0.12,0.84,-7.57,-28.74,prone
-0.06,-0.01,-1,0.92,-2.62,0.12,0.98,-7.82,-30.26,prone
-0.06,-0.01,-1,0.98,-2.62,0.31,1.4,-8.41,-28.77,prone
-0.06,-0.01,-1,0.92,-2.56,0.06,0.63,-7.63,-29.82,prone
-0.06,-0.01,-1,0.92,-2.56,0.24,0.78,-7.64,-28.87,prone
-0.06,-0.01,-1,0.92,-2.5,0.31,0.17,-7.34,-29.9,prone
-0.06,-0.01,-1,0.92,-2.5,0.24,0.52,-7.64,-29.28,prone
-0.06,-0.01,-1,1.1,-2.44,0.24,0.74,-8.01,-28.53,prone
-0.06,-0.01,-1,0.98,-2.69,0.12,0.96,-7.5,-29.36,prone
-0.06,-0.01,-1,1.1,-2.56,0.12,-0.06,-7.57,-30.71,prone
-0.06,-0.01,-1,1.1,-2.44,0.12,0.46,-7.74,-29.19,prone
-0.06,-0.01,-1,1.04,-2.44,0.31,0.88,-7.37,-28.97,prone
-0.06,-0.01,-1,0.92,-2.62,0.31,1,-7.51,-28.67,prone
-0.06,-0.01,-1,0.92,-2.5,0.18,1.14,-7.64,-29.1,prone
-0.06,-0.01,-1,0.98,-2.44,0.24,0.73,-8.06,-29.37,prone
-0.06,-0.01,-1,1.1,-2.5,0.31,0.99,-7.3,-28.5,prone
-0.06,-0.01,-1,0.98,-2.5,0.24,0.89,-7.42,-28.88,prone
-0.06,-0.01,-1.01,1.04,-2.5,0.18,0.83,-7.35,-29.24,prone
-0.06,-0.01,-1.01,0.85,-2.44,0.31,0.62,-7.14,-30.26,prone
-0.06,-0.01,-1,0.98,-2.5,0.24,1.09,-7.71,-29.35,prone
-0.06,-0.01,-1,1.04,-2.56,0.24,0.95,-7.89,-29.17,prone
-0.06,-0.01,-1,1.04,-2.5,0.18,0.66,-8.33,-30.35,prone
-0.06,-0.01,-1,0.92,-2.44,0.24,0.45,-7.8,-28.71,prone
-0.06,-0.01,-1,0.92,-2.5,0.18,0.88,-7.75,-29.02,prone
-0.06,-0.01,-1,0.85,-2.32,0.24,0.5,-7.85,-30.21,prone
-0.06,-0.01,-1,0.92,-2.44,0.24,0.42,-7.62,-29.13,prone
-0.06,-0.01,-1,0.92,-2.56,0.18,0.9,-7.89,-28.26,prone
-0.06,-0.01,-1,0.98,-2.69,0.18,0.95,-7.36,-28.59,prone
-0.06,-0.01,-1,1.1,-2.56,0.12,1,-7.98,-28.77,prone
-0.06,-0.01,-1,1.1,-2.62,0.12,1.5,-7.64,-29.06,prone
-0.06,-0.01,-1.01,0.98,-2.5,0.31,0.79,-7.78,-29.7,prone
-0.06,-0.01,-1,0.98,-2.69,0.24,1.21,-7.69,-28.8,prone
-0.06,-0.01,-1,0.92,-2.62,0.06,1.16,-7.53,-29.2,prone
-0.06,-0.01,-1,1.1,-2.5,0.12,0.59,-7.46,-28.42,prone
-0.06,-0.01,-1,1.16,-2.5,0.49,0.67,-7.85,-30.04,prone
-0.06,-0.01,-1,1.04,-2.5,0.18,0.65,-7.98,-29.79,prone
-0.06,-0.01,-1,1.04,-2.5,0.24,0.5,-7.62,-29.38,prone
-0.06,-0.01,-1,1.04,-2.75,0.31,1.07,-7.86,-29.9,prone
-0.06,-0.01,-1,1.04,-2.56,0.12,0.94,-7.42,-30.07,prone
-0.06,-0.01,-1,0.98,-2.56,0.24,0.76,-8.04,-29.08,prone
-0.06,-0.01,-1,0.92,-2.44,0.24,0.96,-7.43,-29.99,prone
-0.06,-0.01,-1,0.79,-2.62,0.12,1.09,-7.69,-29.83,prone
-0.06,-0.01,-1,0.92,-2.5,0.18,0.76,-7.5,-29.13,prone
-0.06,-0.01,-1.01,0.85,-2.44,0.24,0.88,-7.26,-30.71,prone
-0.06,-0.01,-1,1.1,-2.56,0.24,1.21,-7.67,-28.93,prone
-0.06,-0.01,-1,0.79,-2.5,0.24,0.56,-7.28,-29.46,prone
-0.06,-0.01,-1,0.92,-2.5,0.24,0.94,-7.35,-29.64,prone
-0.06,-0.01,-1,1.04,-2.56,0.31,1.1,-7.69,-30.4,prone
-0.06,-0.01,-1,0.85,-2.5,0.18,1.17,-7.26,-29.52,prone
-0.06,-0.01,-1.01,0.98,-2.62,0.31,1.05,-7.52,-28.65,prone
-0.06,-0.01,-1.01,1.1,-2.38,0.12,0.49,-7.25,-29.17,prone
-0.06,-0.01,-1,0.98,-2.5,0.18,0.37,-7.23,-28.59,prone
-0.06,-0.01,-1,0.92,-2.5,0.12,0.92,-7.86,-29.37,prone
-0.06,-0.01,-1,0.92,-2.38,0.12,0.48,-7.45,-29.86,prone
-0.06,-0.01,-1,0.98,-2.5,0.18,0.62,-7.9,-28.41,prone
-0.06,-0.01,-1,1.04,-2.56,0.24,0.28,-7.93,-29.36,prone
-0.06,-0.01,-1,0.85,-2.69,0.31,0.59,-7.73,-28.82,prone
-0.06,-0.01,-1,1.04,-2.69,0.31,0.29,-7.32,-30.1,prone
-0.06,-0.01,-1,1.04,-2.75,0.12,0.66,-7.68,-29.64,prone
-0.06,-0.01,-1,1.16,-2.62,0.24,0.68,-7.29,-28.86,prone
-0.06,-0.01,-1,0.98,-2.56,0.24,0.17,-7.54,-29.94,prone
-0.06,-0.01,-1,0.98,-2.44,0.12,0.32,-7.68,-29.68,prone
-0.06,-0.01,-1.01,1.1,-2.56,0.31,1.09,-7.79,-28.87,prone
-0.06,-0.01,-1.01,0.98,-2.44,0.31,0.95,-8.03,-30.09,prone
-0.06,-0.01,-1,0.98,-2.56,0.18,1.15,-7.75,-29.33,prone
-0.06,-0.01,-1,0.98,-2.5,0.24,0.94,-7.93,-29.37,prone
-0.06,-0.01,-1,1.16,-2.56,0.24,1.23,-8.2,-30.54,prone
-0.06,-0.01,-1,0.85,-2.44,0.31,0.88,-8.31,-29.58,prone
-0.06,-0.01,-1,1.04,-2.62,0.12,0.67,-7.9,-31.35,prone
-0.06,-0.01,-1,0.79,-2.5,0.12,1.15,-7.5,-30.02,prone
-0.06,-0.01,-1,0.98,-2.5,0.31,0.76,-7.87,-30.35,prone
-0.06,-0.01,-1,0.92,-2.5,0.12,0.82,-7.46,-29.26,prone
-0.06,-0.01,-1,0.98,-2.38,0.12,1.23,-8.08,-28.19,prone
-0.06,-0.01,-1,0.92,-2.5,0.12,0.94,-8.3,-28.67,prone
-0.06,-0.01,-1,0.98,-2.5,0.12,0.74,-7.75,-28.54,prone
-0.06,-0.01,-1,0.79,-2.62,0.31,0.4,-7.58,-28.92,prone
-0.06,-0.01,-1,0.73,-2.56,0.31,0.65,-7.73,-28.82,prone
-0.06,-0.01,-1,1.04,-2.56,0.31,0.83,-7.84,-29.81,prone
-0.06,-0.01,-1,0.98,-2.38,0.18,0.54,-7.8,-28.5,prone
-0.06,-0.01,-1,0.98,-2.62,0.24,0.7,-7.48,-28.12,prone
-0.06,-0.01,-1,0.92,-2.62,0.24,0.54,-7.8,-29.77,prone
-0.06,-0.01,-1,0.98,-2.56,0.18,-0.09,-8.01,-29.06,prone
-0.06,-0.01,-1.01,0.85,-2.5,0.12,0.11,-7.43,-28.87,prone
-0.06,-0.01,-1,1.1,-2.5,0.24,0.28,-7.84,-30.04,prone
-0.06,-0.01,-1,0.98,-2.5,0.24,0.15,-7.17,-29.94,prone
-0.06,-0.01,-1,0.98,-2.5,0.31,0.34,-7.97,-30.03,prone
-0.06,-0.01,-1,0.98,-2.62,0.18,0.13,-7.42,-29.3,prone
-0.06,-0.01,-1,0.98,-2.62,0.06,1.27,-7.07,-29.48,prone
-0.06,-0.01,-1.01,0.92,-2.56,0.12,0.6,-7.04,-29.97,prone
-0.06,-0.01,-1,0.98,-2.56,0.24,0.32,-7.56,-30,prone
-0.06,-0.01,-1,0.79,-2.62,0.24,0.81,-7.53,-29.08,prone
-0.06,-0.01,-1,0.98,-2.5,0.31,0.49,-7.35,-29.55,prone
-0.06,-0.01,-1,1.1,-2.44,0.18,0.16,-7.17,-30.15,prone
-0.06,-0.01,-1,0.92,-2.5,0.37,0.2,-7.36,-28.75,prone
-0.06,-0.01,-1,0.98,-2.5,0.24,0.61,-7.7,-29.49,prone
-0.06,-0.01,-1.01,1.04,-2.5,0.18,0.96,-7.12,-28.64,prone
-0.06,-0.01,-1,1.04,-2.44,0.18,0.73,-7.48,-28.04,prone
-0.06,-0.01,-1,0.98,-2.56,0.31,1.09,-7.5,-29.38,prone
-0.06,-0.01,-1,0.98,-2.62,0.06,1.03,-7.46,-28.41,prone
-0.06,-0.01,-1,0.92,-2.69,0.31,0.43,-7.8,-29.24,prone
-0.06,-0.01,-1,0.85,-2.5,0.24,0.39,-7.47,-28.69,prone
-0.06,-0.01,-1.01,0.85,-2.75,0.12,0.35,-7.59,-29.85,prone
-0.06,-0.01,-1,1.04,-2.62,0.24,0.65,-7.68,-29.44,prone
-0.06,-0.01,-1,0.92,-2.44,0.06,0.16,-7.96,-29.61,prone
-0.06,-0.01,-1,1.1,-2.62,0.18,0.61,-7.18,-30.83,prone
-0.06,-0.01,-1,0.98,-2.5,0.18,0.21,-7.79,-31.15,prone
-0.06,-0.01,-1,0.98,-2.56,0.37,0.87,-7.35,-30.94,prone
-0.06,-0.01,-1.01,0.85,-2.62,0.18,0.28,-7.46,-30.16,prone
-0.06,-0.01,-1.01,1.1,-2.62,0.18,0.21,-7.59,-30.53,prone
-0.06,-0.01,-1,1.1,-2.62,0.12,0.38,-7.47,-29.03,prone
-0.06,-0.01,-1,0.92,-2.69,0.12,0.65,-7.89,-30.03,prone
-0.06,-0.01,-1,0.92,-2.44,0.12,0.62,-7.65,-30.44,prone
-0.06,-0.01,-1,1.04,-2.56,0.24,0.34,-8,-30.62,prone
-0.06,-0.01,-1,0.92,-2.56,0.06,0.54,-8.09,-28.89,prone
-0.06,-0.01,-1,1.04,-2.69,0.24,0.92,-7.86,-29.96,prone
-0.06,-0.01,-1.01,0.92,-2.56,0.18,0.99,-7.85,-29.46,prone
-0.06,-0.01,-1,0.85,-2.44,0.31,0.79,-7.28,-29.92,prone
-0.06,-0.01,-1,1.1,-2.62,0.18,0.76,-8.17,-28.7,prone
-0.06,-0.01,-1,1.04,-2.62,0.31,0.74,-7.46,-29.14,prone
-0.06,-0.01,-1,0.85,-2.75,0.06,0.92,-7.5,-30.27,prone
-0.06,-0.01,-1.01,1.04,-2.56,0.24,0.89,-7.37,-30.35,prone
-0.06,-0.01,-1.01,0.98,-2.56,0.18,1.03,-7.79,-30.93,prone
-0.06,-0.01,-1,1.04,-2.44,0.24,0.68,-7.48,-29.82,prone
-0.06,-0.01,-1,0.85,-2.5,0.12,0.94,-8.17,-30.14,prone
-0.06,-0.01,-1,1.04,-2.5,0.18,0.34,-7.71,-29.86,prone
-0.06,-0.01,-1,0.98,-2.56,0.18,0.82,-7.8,-29.25,prone
-0.06,-0.01,-1,1.1,-2.56,0.06,1.15,-7.53,-30.16,prone
-0.06,-0.01,-1.01,0.92,-2.62,0.24,0.87,-7.48,-30.7,prone
-0.06,-0.01,-1,0.85,-2.62,0.18,0.6,-7.48,-30.54,prone
-0.06,-0.01,-1,0.92,-2.56,0.18,0.73,-7.93,-29.05,prone
-0.06,-0.01,-1,0.98,-2.56,0.24,0.87,-7.74,-30.51,prone
-0.06,-0.01,-1,0.98,-2.5,0.12,0.42,-8.25,-30.3,prone
-0.06,-0.01,-1,0.92,-2.62,0.12,0.94,-8.01,-31.03,prone
-0.06,-0.01,-1.01,0.85,-2.69,0.12,1.33,-7.75,-29.24,prone
-0.06,-0.01,-1,0.85,-2.44,0.06,0.44,-7.65,-29.42,prone
-0.06,-0.01,-1,0.92,-2.38,0.12,1.11,-8.08,-28.88,prone
-0.06,-0.01,-1,1.1,-2.5,0.18,0.43,-7.95,-30.47,prone
-0.06,-0.01,-1,1.16,-2.5,0.24,1.57,-7.95,-29.93,prone
-0.06,-0.01,-1,0.98,-2.56,0.24,1.03,-8.06,-29.19,prone
-0.06,-0.01,-1.01,0.85,-2.56,0.31,1.1,-8.03,-29.99,prone
-0.06,-0.01,-1.01,1.04,-2.44,0.24,1,-7.86,-30.52,prone
-0.06,-0.01,-1,0.98,-2.5,0.18,0.66,-8.13,-29.77,prone
-0.06,-0.01,-1,0.85,-2.62,0.31,1.2,-7.67,-30.07,prone
-0.06,-0.01,-1,0.92,-2.5,0.37,0.96,-7.93,-30.94,prone
-0.06,-0.01,-1,1.04,-2.56,0.24,0.92,-8.08,-30.57,prone
-0.06,-0.01,-1,1.04,-2.5,0.18,0.99,-8.04,-30.05,prone
-0.06,-0.01,-1,1.1,-2.56,0.18,1.12,-7.45,-29.96,prone
-0.06,-0.01,-1.01,0.98,-2.5,0.12,1.17,-8.15,-30.19,prone
-0.06,-0.01,-1,1.04,-2.5,0.06,0.87,-7.45,-31.03,prone
-0.06,-0.01,-1,0.79,-2.44,0.37,0.43,-7.32,-30.7,prone
-0.06,-0.01,-1,0.92,-2.5,0.18,0.74,-7.09,-29.5,prone
-0.06,-0.01,-1,1.1,-2.44,0.06,0.38,-7.36,-29.79,prone
-0.06,-0.01,-1,1.04,-2.56,0.24,0.48,-7.81,-30.3,prone
-0.06,-0.01,-1,1.22,-2.56,0.37,0.6,-7.34,-30.46,prone
-0.06,-0.01,-1,1.04,-2.38,0.24,0.06,-7.91,-30.46,prone
-0.06,-0.01,-1,1.1,-2.44,0.24,0.88,-7.42,-30,prone
-0.06,-0.01,-1,1.16,-2.32,0.24,0.63,-7.9,-28.7,prone
-0.06,-0.01,-1,0.98,-2.44,0.24,0.65,-7.96,-27.97,prone
-0.06,-0.01,-1,0.98,-2.5,0.37,0.23,-7.6,-29.52,prone
-0.06,-0.01,-1,1.1,-2.5,0.37,0.84,-8.04,-29.36,prone
-0.06,-0.01,-1,0.98,-2.38,0.18,0.44,-7.93,-30.25,prone
-0.06,-0.01,-1,1.04,-2.62,0.24,0.92,-7.98,-29.68,prone
-0.06,-0.01,-1,0.92,-2.56,0.06,0.67,-7.64,-29.59,prone
-0.06,-0.01,-1,0.85,-2.5,0.24,0.52,-7.64,-29.76,prone
-0.06,-0.01,-1,0.92,-2.56,0.12,0.77,-7.78,-29.82,prone
-0.06,-0.01,-1,0.98,-2.69,0.31,0.82,-7.59,-30.47,prone
-0.06,-0.01,-1,0.98,-2.62,0.06,0.32,-7.45,-29.96,prone
-0.06,-0.01,-1,1.04,-2.44,0.31,0.87,-7.75,-28.67,prone
-0.06,-0.01,-1,1.16,-2.62,0.24,0.43,-7.48,-29.61,prone
-0.06,-0.01,-1,1.1,-2.5,0.18,1.34,-7.71,-29.63,prone
-0.06,-0.01,-1,1.04,-2.62,0.12,0.54,-7.48,-29.14,prone
-0.06,-0.01,-1,1.1,-2.38,0.18,0.95,-7.67,-29.92,prone
-0.06,-0.01,-1.01,1.1,-2.5,0.24,1.01,-8.25,-29.86,prone
-0.06,-0.01,-1,1.22,-2.38,0.24,0.7,-8.34,-29.72,prone
-0.06,-0.01,-1,1.04,-2.5,0.24,1,-7.87,-29.97,prone
-0.06,-0.01,-1,1.1,-2.5,0.18,0.63,-7.93,-30.58,prone
-0.06,-0.01,-1,1.04,-2.62,0.37,1.11,-7.79,-28.19,prone
-0.06,-0.01,-1,1.04,-2.56,0.18,0.6,-8.11,-28.27,prone
-0.06,-0.01,-1,1.04,-2.69,0.24,1.03,-7.69,-28.85,prone
-0.06,-0.01,-1,0.98,-2.44,0.24,0.85,-7.47,-29.57,prone
-0.06,-0.01,-1,0.98,-2.38,0.18,1.03,-7.52,-29.49,prone
-0.06,-0.01,-1,1.04,-2.5,0.24,1.6,-7.7,-30.73,prone
-0.06,-0.01,-1,1.16,-2.62,0.37,0.77,-8.25,-29.86,prone
-0.06,-0.01,-1,1.1,-2.62,0.24,0.73,-7.51,-29.22,prone
-0.06,-0.01,-1,1.1,-2.56,0.24,0.57,-7.87,-30.73,prone
-0.06,-0.01,-1.01,0.98,-2.38,0.24,0.56,-7.75,-28.67,prone
-0.06,-0.01,-1,1.04,-2.5,0.12,1.32,-7.8,-29.64,prone
-0.06,-0.01,-1,1.04,-2.56,0.18,0.85,-7.78,-29.38,prone
-0.06,-0.01,-1,0.98,-2.5,0.31,0.83,-7.98,-30.62,prone
-0.06,-0.01,-1,1.16,-2.5,0.18,0.93,-8.09,-29.17,prone
-0.06,-0.01,-1,0.98,-2.56,0.24,0.9,-8.26,-28.81,prone
-0.06,-0.01,-1,0.98,-2.38,0.18,0.23,-8.34,-29.47,prone
-0.06,-0.01,-1,0.92,-2.44,0.18,1.21,-7.59,-29.98,prone
-0.06,-0.01,-1,1.1,-2.56,0.24,0.71,-7.73,-29.58,prone
-0.06,-0.01,-1,0.98,-2.56,0.18,0.89,-8.07,-30.37,prone
-0.06,-0.01,-1,1.1,-2.75,0.24,0.72,-8.25,-29.71,prone
-0.06,-0.01,-1,1.1,-2.56,0.24,0.56,-8.09,-30.32,prone
-0.06,-0.01,-1,1.16,-2.56,0.18,1.18,-8.37,-29.28,prone
-0.06,-0.01,-1,0.92,-2.56,0.12,1.05,-8.18,-29.58,prone
-0.06,-0.01,-1,1.1,-2.38,0.24,1.05,-8.51,-29.87,prone
-0.06,-0.01,-1,0.92,-2.69,0.24,1.12,-7.91,-29.87,prone
-0.06,-0.01,-1,1.04,-2.5,0.18,1.18,-7.6,-29.2,prone
-0.06,-0.01,-1,1.04,-2.62,0.43,1.39,-8.25,-30.08,prone
-0.06,-0.01,-1,1.04,-2.44,0.24,1.17,-7.84,-28.94,prone
-0.06,-0.01,-1.01,0.92,-2.56,0.06,0.33,-8.25,-28.33,prone
-0.06,-0.01,-1.01,0.98,-2.56,0.37,0.92,-7.95,-29.58,prone
-0.06,-0.01,-1,0.92,-2.56,0.31,0.45,-7.98,-29.88,prone
-0.06,-0.01,-1,1.1,-2.5,0.18,0.6,-7.78,-29.16,prone
-0.06,-0.01,-1,1.1,-2.44,0.18,0.7,-7.82,-29.27,prone
-0.06,-0.01,-1,0.98,-2.75,0.18,0.65,-8.26,-29.08,prone
-0.06,-0.01,-1,0.92,-2.75,0.12,1,-7.96,-29.44,prone
-0.06,-0.01,-1,0.98,-2.56,0.24,0.7,-7.8,-28.66,prone
-0.06,-0.01,-1,1.16,-2.44,0.12,0.62,-8.08,-29.81,prone
-0.06,-0.01,-1,1.1,-2.56,0.37,1.01,-8.13,-29.79,prone
-0.06,-0.01,-1,1.04,-2.5,0.24,1.2,-7.75,-31.27,prone
-0.06,-0.01,-1,0.92,-2.56,0.24,0.11,-7.45,-31.42,prone
-0.06,-0.01,-1,0.98,-2.5,0.18,1.04,-7.17,-28.87,prone
-0.06,-0.01,-1,0.98,-2.56,0.37,1.11,-7.4,-30.49,prone
-0.06,-0.01,-1,1.16,-2.56,0.18,0.87,-7.67,-29.66,prone
-0.06,-0.01,-1,0.98,-2.5,0.18,1.55,-7.97,-28.85,prone
-0.06,-0.01,-1,1.04,-2.62,0.12,1.12,-7.39,-28.86,prone
-0.06,-0.01,-1,1.1,-2.5,0.49,1.27,-7.71,-29.44,prone
-0.06,-0.01,-1,0.85,-2.5,0.18,1.61,-7.58,-30.62,prone
-0.06,-0.01,-1,0.92,-2.62,0.24,1.42,-7.59,-29,prone
-0.06,-0.01,-1.01,1.1,-2.56,0.12,0.92,-7.86,-30.11,prone
-0.06,-0.01,-1,0.92,-2.69,0.31,1.12,-7.56,-31.04,prone
-0.06,-0.01,-1,0.92,-2.69,0.24,0.87,-7.93,-30.1,prone
-0.06,-0.01,-1,0.92,-2.69,0.12,0.7,-7.51,-29.38,prone
-0.06,-0.01,-1,0.92,-2.56,0.24,1.05,-7.74,-28.87,prone
-0.06,-0.01,-1,0.98,-2.56,0.24,1.04,-7.58,-28.02,prone
-0.06,-0.01,-1,0.92,-2.5,0.24,0.9,-8.19,-29.86,prone
-0.06,-0.01,-1,1.04,-2.56,0.18,1.2,-8.17,-29.49,prone
-0.06,-0.01,-1,1.1,-2.62,0.18,0.94,-7.7,-28.92,prone
-0.06,-0.01,-1,0.98,-2.69,0.12,0.59,-7.92,-29.43,prone
-0.06,-0.01,-1,0.98,-2.75,0.18,0.38,-7.12,-29.22,prone
-0.06,-0.01,-1,1.04,-2.62,0.18,0.51,-7.58,-30,prone
-0.06,-0.01,-1,1.04,-2.62,0.12,0.57,-8.02,-29.15,prone
-0.06,-0.01,-1.01,1.04,-2.56,0.24,0.62,-8.09,-29.17,prone
-0.06,-0.01,-1,0.98,-2.62,0.24,0.73,-8.45,-28.53,prone
-0.06,-0.01,-1,1.04,-2.62,0.18,0.98,-8,-29.87,prone
-0.06,-0.01,-1,0.92,-2.5,0.24,0.85,-8.25,-29.94,prone
-0.06,-0.01,-1,0.92,-2.56,0.18,1.22,-8.35,-29.3,prone
-0.06,-0.01,-1,0.98,-2.44,0.24,0.9,-7.85,-30.37,prone
-0.06,-0.01,-1,0.98,-2.5,0.37,1.17,-8.51,-29.03,prone
-0.06,-0.01,-1,0.98,-2.44,0.31,1.53,-8.14,-30.16,prone
-0.06,-0.01,-1,0.92,-2.56,0.18,1.56,-7.86,-29.47,prone
-0.06,-0.01,-1,1.04,-2.62,0.12,1.11,-8.51,-28.7,prone
-0.06,-0.01,-1,1.1,-2.62,0.18,0.72,-8.26,-28.67,prone
-0.06,-0.01,-1,0.98,-2.62,0.37,0.92,-7.92,-29.44,prone
-0.06,-0.01,-1,1.04,-2.69,0.12,0.99,-7.53,-29.05,prone
-0.06,-0.01,-1.01,0.98,-2.69,0.12,0.89,-7.93,-29.06,prone
-0.06,-0.01,-1,1.04,-2.69,0.24,0.62,-7.92,-29.47,prone
-0.06,-0.01,-1,1.1,-2.56,0.18,0.89,-8,-29.66,prone
-0.06,-0.01,-1,0.79,-2.5,0.18,0.85,-7.92,-29.88,prone
-0.06,-0.01,-1,1.04,-2.62,0.18,1.35,-8.01,-28.96,prone
-0.06,-0.01,-1,0.98,-2.69,0.18,1.31,-8.37,-29.65,prone
-0.06,-0.01,-1,0.92,-2.5,0.06,1.06,-8.12,-30.1,prone
-0.06,-0.01,-1,1.1,-2.44,0.18,0.99,-8.01,-29.22,prone
-0.06,-0.01,-1,1.16,-2.56,0.18,1.29,-8.08,-29.27,prone
-0.06,-0.01,-1,1.04,-2.69,0.31,1.35,-7.9,-28.93,prone
-0.06,-0.01,-1,0.98,-2.56,0.43,1,-7.85,-28.25,prone
-0.06,-0.01,-1,0.98,-2.62,0.43,1.17,-7.82,-29.37,prone
-0.06,-0.01,-1,1.04,-2.5,0.31,0.95,-7.8,-29.28,prone
-0.06,-0.01,-1.01,1.1,-2.56,0.31,1.53,-7.87,-29.69,prone
-0.06,-0.01,-1,1.04,-2.62,0.18,0.65,-8.14,-29.55,prone
-0.06,-0.01,-1,1.22,-2.62,0.12,1.09,-7.84,-28.7,prone
-0.06,-0.01,-1,1.04,-2.5,0.18,0.85,-7.86,-28.67,prone
-0.06,-0.01,-1,1.16,-2.56,0.31,0.92,-8.22,-28.7,prone
-0.06,-0.01,-1,0.98,-2.62,0.43,0.77,-7.97,-28.61,prone
-0.06,-0.01,-1.01,1.16,-2.75,0.12,0.99,-8.39,-29.41,prone
-0.06,-0.01,-1,1.04,-2.62,0.18,1.31,-8.25,-28.85,prone
-0.06,-0.01,-1,0.61,-2.62,0.18,1,-7.89,-29.25,prone
-0.06,-0.01,-1,0.98,-2.69,0.24,1.16,-8.36,-28.37,prone
-0.06,-0.01,-1,1.1,-2.62,0.24,1.12,-7.97,-29.42,prone
-0.06,-0.01,-1,0.98,-2.5,0.18,1.35,-7.75,-29.06,prone
-0.06,-0.01,-1,1.1,-2.56,0.24,0.62,-8.56,-29.86,prone
-0.06,-0.01,-1,1.04,-2.56,0.18,0.99,-8,-28.56,prone
-0.06,-0.01,-1,1.1,-2.56,0.37,0.51,-8.25,-28.98,prone
-0.06,-0.01,-1,0.98,-2.5,0.24,0.67,-7.7,-29.47,prone
-0.06,-0.01,-1,1.1,-2.44,0.31,0.93,-8.31,-29.31,prone
-0.06,-0.01,-1,1.04,-2.44,0.24,1.25,-8.03,-28.99,prone
-0.06,-0.01,-1,0.98,-2.56,0.31,1.06,-7.87,-29.31,prone
-0.06,-0.01,-1.01,1.16,-2.62,0.18,0.52,-7.73,-28.45,prone
-0.06,-0.01,-1,1.1,-2.56,0.24,0.93,-8.18,-30.36,prone
-0.06,-0.01,-1,1.04,-2.44,0.37,0.87,-8.28,-30.07,prone
-0.06,-0.01,-1,0.98,-2.44,0.24,0.87,-7.54,-27.81,prone
-0.06,-0.01,-1,1.1,-2.5,0.12,0.84,-8.45,-28.7,prone
-0.06,-0.01,-1,1.04,-2.44,0.18,0.89,-8.13,-30.29,prone
-0.06,-0.01,-1,0.98,-2.62,0.24,1.01,-7.8,-30.16,prone
-0.06,-0.01,-1,1.1,-2.38,0.24,0.84,-7.98,-29.38,prone
-0.06,-0.01,-1,1.04,-2.5,0.18,1.18,-7.58,-29.54,prone
-0.06,-0.01,-1,0.92,-2.32,0.24,1.26,-7.79,-29.75,prone
-0.06,-0.01,-1,0.92,-2.32,0.18,0.99,-7.36,-28.36,prone
-0.06,-0.01,-1,1.04,-2.56,0.24,1.03,-7.18,-28.87,prone
-0.06,-0.01,-1,0.98,-2.5,0.18,0.67,-7.43,-29.04,prone
-0.06,-0.01,-1.01,1.1,-2.5,0.18,0.34,-7.37,-29.09,prone
-0.06,-0.01,-1,0.98,-2.44,0.18,0.76,-7.41,-29.48,prone
-0.06,-0.01,-1.01,1.16,-2.56,0.18,0.45,-8.11,-29.14,prone
-0.06,-0.01,-1,0.92,-2.44,0.31,0.09,-7.62,-30.47,prone
-0.06,-0.01,-1,0.92,-2.44,0.31,0.49,-7.41,-29.64,prone
-0.06,-0.01,-1,1.04,-2.56,0.18,0.55,-7.36,-28.98,prone
-0.06,-0.01,-1,0.98,-2.38,0.18,0.61,-7.46,-28.78,prone
-0.06,-0.01,-1,0.98,-2.38,0.24,0.87,-8,-29.08,prone
-0.06,-0.01,-1,0.98,-2.38,0.12,0.95,-7.71,-29.43,prone
-0.06,-0.01,-1,1.04,-2.44,0.18,1.29,-8,-28.61,prone
-0.06,-0.01,-1,1.1,-2.5,0.18,1.06,-7.13,-28.44,prone
-0.06,-0.01,-1,1.16,-2.56,0.37,0.44,-7.67,-28.43,prone
-0.06,-0.01,-1,1.16,-2.56,0.31,0.67,-8.04,-27.83,prone
-0.06,-0.01,-1.01,1.16,-2.44,0.18,1.16,-7.89,-28.8,prone
-0.06,-0.01,-1,1.04,-2.5,0.24,0.61,-7.93,-29.24,prone
-0.06,-0.01,-1,0.98,-2.69,0.24,1.03,-7.75,-29.04,prone
-0.06,-0.01,-1,0.98,-2.5,0.31,0.9,-8.01,-28.55,prone
-0.06,-0.01,-1,1.1,-2.62,0.31,0.95,-8.24,-29.49,prone
-0.06,-0.01,-1,1.04,-2.5,0.18,0.95,-7.9,-29.79,prone
-0.06,-0.01,-1.01,1.1,-2.5,0.37,0.38,-8.13,-29,prone
-0.06,-0.01,-1,1.04,-2.44,0.24,0.81,-8,-28.58,prone
-0.06,-0.01,-1,1.1,-2.5,0.12,1.23,-8.04,-28.59,prone
-0.06,-0.01,-1,0.85,-2.5,0.24,1.14,-7.98,-28.92,prone
-0.06,-0.01,-1,1.1,-2.5,0.18,0.57,-8.23,-29.42,prone
-0.06,-0.01,-1,1.04,-2.5,0.31,1.2,-8.5,-29.11,prone
-0.06,-0.01,-1.01,1.1,-2.38,0.18,0.73,-8.58,-29.22,prone
-0.06,-0.01,-1,1.04,-2.44,0.24,1.11,-8.85,-30.05,prone
-0.06,-0.01,-1,0.98,-2.56,0.31,0.78,-8.58,-29.79,prone
-0.06,-0.01,-1,0.98,-2.44,0.18,1.14,-8.81,-29.27,prone
-0.06,-0.01,-1,0.85,-2.38,0.24,1.25,-8.07,-29.26,prone
-0.06,-0.01,-1,1.04,-2.5,0.24,0.92,-8.85,-30.27,prone
-0.06,-0.01,-1,0.92,-2.62,0.24,0.66,-8.28,-28.97,prone
-0.06,-0.01,-1.01,1.16,-2.56,0.24,0.52,-8.45,-30.15,prone
-0.06,-0.01,-1,1.04,-2.5,0.24,0.83,-8.52,-29.61,prone
-0.06,-0.01,-1,1.16,-2.5,0.18,1.33,-8.48,-29.94,prone
-0.06,-0.01,-1,1.04,-2.5,0.31,0.96,-8.2,-29.43,prone
-0.06,-0.01,-1,1.1,-2.38,0.31,0.46,-7.96,-29.38,prone
-0.06,-0.01,-1,1.1,-2.32,0.24,1.07,-8.11,-28.28,prone
-0.06,-0.01,-1,1.04,-2.44,0.24,1.1,-8.11,-30.22,prone
-0.06,-0.01,-1,0.79,-2.44,0.24,1.18,-8.3,-29.46,prone
-0.06,-0.01,-1,1.16,-2.44,0.24,1.45,-8.35,-29.22,prone
-0.06,-0.01,-1,0.92,-2.56,0.31,0.48,-8.8,-30.24,prone
-0.06,-0.01,-1,0.92,-2.56,0.18,1.35,-7.93,-30.32,prone
-0.06,-0.01,-1,1.1,-2.44,0.37,0.54,-7.87,-30.09,prone
-0.06,-0.01,-1,1.1,-2.5,0.18,1.03,-7.73,-28.58,prone
-0.06,-0.01,-1.01,1.04,-2.56,0.31,0.94,-7.9,-29.65,prone
-0.06,-0.01,-1,0.92,-2.62,0.24,0.98,-7.78,-30.14,prone
-0.06,-0.01,-1,1.1,-2.38,0.12,0.56,-8.08,-29.43,prone
-0.06,-0.01,-1,1.04,-2.56,0.18,0.29,-8.17,-29.52,prone
-0.06,-0.01,-1,0.98,-2.44,0.31,0.66,-8.36,-29.37,prone
-0.06,-0.01,-1,1.04,-2.44,0.37,0.71,-8.09,-28.5,prone
-0.06,-0.01,-1.01,0.92,-2.62,0.24,0.96,-8.06,-30.08,prone
-0.06,-0.01,-1.01,0.98,-2.5,0.24,0.89,-8.13,-29.1,prone
-0.06,-0.01,-1,1.04,-2.5,0.18,1.34,-8.15,-28.77,prone
-0.06,-0.01,-1,0.98,-2.5,0.12,1.2,-8.52,-29.88,prone
-0.06,-0.01,-1,0.98,-2.44,0.18,0.83,-8.28,-29.87,prone
-0.06,-0.01,-1,0.98,-2.56,0.31,0.76,-8.41,-29.06,prone
-0.06,-0.01,-1,1.04,-2.5,0.31,1.09,-8.61,-29.66,prone
-0.06,-0.01,-1,1.16,-2.5,0.31,0.93,-7.84,-29.31,prone
-0.06,-0.01,-1,0.98,-2.56,0.18,1.01,-8.34,-29.14,prone
-0.06,-0.01,-1,0.98,-2.56,0.24,0.94,-7.48,-28.5,prone
-0.06,-0.01,-1,0.92,-2.5,0.12,1.17,-8.04,-29.77,prone
-0.06,-0.01,-1,1.34,-2.44,0.24,0.55,-8.37,-29.16,prone
-0.06,-0.01,-1,1.22,-2.56,0.18,1.28,-7.65,-29.48,prone
-0.06,-0.01,-1.01,0.92,-2.44,0.31,0.87,-8.12,-29.66,prone
-0.06,-0.01,-1,0.92,-2.38,0.24,1.28,-8.35,-29.59,prone
-0.06,-0.01,-1,0.98,-2.38,0.18,0.62,-7.87,-29.59,prone
-0.06,-0.01,-1,0.85,-2.38,0.24,0.52,-7.71,-28.65,prone
-0.06,-0.01,-1,0.98,-2.56,0.24,0.76,-8.3,-29.15,prone
-0.06,-0.01,-1,0.98,-2.5,0.18,0.87,-8.07,-28.91,prone
-0.06,-0.01,-1,0.98,-2.5,0.18,1.35,-8.3,-28.7,prone
-0.06,-0.01,-1,1.1,-2.44,0.24,0.61,-7.41,-29.3,prone
-0.06,-0.01,-1,1.04,-2.5,0.18,0.79,-7.73,-29.64,prone
-0.06,-0.01,-1,1.16,-2.5,0.18,0.31,-7.7,-29.2,prone
-0.06,-0.01,-1,1.1,-2.5,0.24,0.73,-7.93,-28.56,prone
-0.06,-0.01,-1,0.98,-2.44,0.37,0.76,-7.7,-28.45,prone
-0.06,-0.01,-1,0.85,-2.5,0.31,0.49,-7.7,-28.87,prone
-0.06,-0.01,-1.01,0.85,-2.56,0.31,0.04,-7.75,-28.77,prone
-0.06,-0.01,-1,1.1,-2.38,0.31,0.09,-7.95,-28.38,prone
-0.06,-0.01,-1,0.98,-2.44,0.24,0.74,-7.82,-28.34,prone
-0.06,-0.01,-1,0.98,-2.5,0.31,1.14,-7.8,-28.59,prone
-0.06,-0.01,-1,0.85,-2.56,0.31,0.96,-7.52,-29.69,prone
-0.06,-0.01,-1,1.22,-2.56,0.12,0.84,-7.35,-29.08,prone
-0.06,-0.01,-1,1.16,-2.44,0.24,0.76,-7.95,-28.53,prone
-0.06,-0.01,-1.01,0.98,-2.38,0.18,0.35,-7.32,-29.57,prone
-0.06,-0.01,-1,1.16,-2.56,0.18,1.03,-7.89,-29.26,prone
-0.06,-0.01,-1,0.98,-2.62,0.24,1.38,-8.47,-29.13,prone
-0.06,-0.01,-1,0.98,-2.5,0.18,1.05,-8.47,-30.6,prone
-0.06,-0.01,-1,1.04,-2.38,0.31,1.26,-7.82,-29.28,prone
-0.06,-0.01,-1,1.1,-2.38,0.24,1.01,-8.24,-28.93,prone
-0.06,-0.01,-1.01,1.1,-2.38,0.24,0.42,-8.08,-28.65,prone
-0.06,-0.01,-1,1.16,-2.5,0.12,0.85,-8,-28.59,prone
-0.06,-0.01,-1,1.1,-2.5,0.24,1.33,-8.08,-29.77,prone
-0.06,-0.01,-1.01,1.04,-2.62,0.24,0.85,-8.54,-28.8,prone
-0.06,-0.01,-1,1.22,-2.44,0.37,1.09,-7.87,-28.25,prone
-0.06,-0.01,-1,1.1,-2.44,0.43,1.09,-8.04,-28.23,prone
-0.06,-0.01,-1.01,1.1,-2.44,0.24,1.05,-7.74,-28.2,prone
-0.06,-0.01,-1.01,1.16,-2.38,0.43,0.44,-8.06,-29.44,prone
-0.06,-0.01,-1,1.04,-2.38,0.31,0.57,-7.68,-29.86,prone
-0.06,-0.01,-1,1.04,-2.5,0.18,1.04,-8.37,-30.02,prone
-0.06,-0.01,-1,1.04,-2.44,0.31,1.04,-8.09,-29.26,prone
-0.06,-0.01,-1,1.04,-2.5,0.31,0.56,-8.22,-29,prone
-0.06,-0.01,-1,1.04,-2.44,0.24,0.7,-8.09,-30.51,prone
-0.06,-0.01,-1.01,1.16,-2.5,0.37,0.77,-8.28,-29.36,prone
-0.06,-0.01,-1,1.04,-2.62,0.31,0.59,-8.45,-29.49,prone
-0.06,-0.01,-1,1.04,-2.32,0.06,0.63,-8.36,-30.58,prone
-0.06,-0.01,-1,0.92,-2.44,0.24,1.05,-8.09,-29.65,prone
-0.06,-0.01,-1,0.98,-2.32,0.18,0.66,-8.23,-28.42,prone
-0.06,-0.01,-1,1.1,-2.32,0.18,0.93,-7.93,-29.82,prone
-0.06,-0.01,-1.01,0.98,-2.38,0.31,0.79,-7.81,-28.99,prone
-0.06,-0.01,-1,1.1,-2.44,0.12,0.98,-8.47,-29.55,prone
-0.06,-0.01,-1,0.92,-2.32,0.24,0.89,-8.31,-29.97,prone
-0.06,-0.01,-1,0.98,-2.62,0.24,0.62,-8.58,-28.64,prone
-0.06,-0.01,-1,1.1,-2.38,0.24,0.2,-8.07,-29,prone
-0.06,-0.01,-1,1.22,-2.5,0.24,0.88,-8.33,-29.41,prone
-0.06,-0.01,-1,0.92,-2.44,0.31,1.22,-8.4,-28.96,prone
-0.06,-0.01,-1,1.1,-2.5,0.18,0.77,-7.9,-29.49,prone
-0.06,-0.01,-1,1.1,-2.56,0.24,0.9,-7.82,-29.85,prone
-0.06,-0.01,-1,1.1,-2.56,0.18,1.23,-8.53,-29.13,prone
-0.06,-0.01,-1,0.98,-2.5,0.24,0.94,-7.9,-29.81,prone
-0.06,-0.01,-1,1.16,-2.44,0.37,1.05,-7.68,-29.48,prone
-0.06,-0.01,-1,0.98,-2.38,0.24,1.21,-8.34,-29.96,prone
-0.06,-0.01,-1,0.98,-2.44,0.24,0.71,-8.06,-30.46,prone
-0.06,-0.01,-1,0.85,-2.56,0.18,1.62,-8.36,-30.13,prone
-0.06,-0.01,-1,0.92,-2.56,0.24,0.95,-8.29,-29.38,prone
-0.06,-0.01,-1,1.04,-2.5,0.18,1.14,-7.62,-31.09,prone
-0.06,-0.01,-1,1.16,-2.5,0.18,0.88,-8.17,-29.68,prone
-0.06,-0.01,-1,0.92,-2.5,0.18,0.95,-7.82,-29.31,prone
-0.06,-0.01,-1.01,1.22,-2.44,0.18,1.35,-8.24,-29.64,prone
-0.06,-0.01,-1,0.92,-2.5,0.18,0.78,-8.13,-30.11,prone
-0.06,-0.01,-1,0.98,-2.5,0.24,0.66,-8.29,-29.99,prone
-0.06,-0.01,-1,0.98,-2.44,0.12,0.92,-8.02,-30.08,prone
-0.06,-0.01,-1,1.04,-2.44,0.24,0.89,-7.89,-29.92,prone
-0.06,-0.01,-1,1.04,-2.44,0.24,0.68,-8.17,-29.71,prone
-0.06,-0.01,-1,1.22,-2.38,0.12,0.87,-7.2,-29.36,prone
-0.06,-0.01,-1,1.04,-2.5,0.31,1.37,-7.92,-30.02,prone
-0.06,-0.01,-1,1.16,-2.5,0.31,1.15,-8.08,-29.14,prone
-0.06,-0.01,-1,1.1,-2.32,0.24,1.01,-8.14,-30.4,prone
-0.06,-0.01,-1,0.92,-2.69,0.18,1.18,-7.51,-29.46,prone
-0.06,-0.01,-1,1.22,-2.5,0.18,1.46,-8.72,-30.65,prone
-0.06,-0.01,-1,1.22,-2.38,0.31,1.22,-7.86,-30.42,prone
-0.06,-0.01,-1.01,1.22,-2.38,0.18,0.95,-8.03,-29.41,prone
-0.06,-0.01,-1.01,1.1,-2.56,0.31,0.88,-8.39,-29.19,prone
-0.06,-0.01,-1,1.1,-2.44,0.24,0.93,-8.24,-30.04,prone
-0.06,-0.01,-1,1.16,-2.5,0.31,0.77,-7.97,-31.05,prone
-0.06,-0.01,-1,1.04,-2.38,0.24,0.93,-7.48,-29.31,prone
-0.06,-0.01,-1,1.1,-2.5,0.18,0.38,-8.8,-30.38,prone
-0.06,-0.01,-1,1.1,-2.44,0.18,0.55,-8.17,-29.68,prone
-0.06,-0.01,-1.01,0.92,-2.44,0.24,0.85,-7.91,-31.21,prone
-0.06,-0.01,-1,0.85,-2.38,0.18,0.9,-8.79,-30.46,prone
-0.06,-0.01,-1,1.1,-2.38,0.24,0.72,-7.91,-30.59,prone
-0.06,-0.01,-1,1.04,-2.56,0.18,1.17,-8.31,-29.16,prone
-0.06,-0.01,-1,0.98,-2.56,0.24,0.62,-8.58,-30.4,prone
-0.06,-0.01,-1,0.92,-2.56,0.18,0.6,-8.3,-29.93,prone
-0.06,-0.01,-1.01,0.92,-2.44,0.18,0.92,-8.07,-30.37,prone
-0.06,-0.01,-1,1.04,-2.38,0.24,0.98,-8.53,-29.76,prone
-0.06,-0.01,-1,1.16,-2.56,0.24,0.62,-8.45,-29.98,prone
-0.06,-0.01,-1,0.98,-2.38,0.18,1.17,-8.33,-29.99,prone
-0.06,-0.01,-1,0.98,-2.56,0.24,0.6,-8.07,-29.9,prone
-0.06,-0.01,-1,0.98,-2.5,0.24,1.14,-8.64,-30.71,prone
-0.06,-0.01,-1,0.92,-2.56,0.24,0.38,-8.04,-30.05,prone
-0.06,-0.01,-1.01,0.85,-2.62,0.31,0.94,-8.15,-30.71,prone
-0.06,-0.01,-1,0.98,-2.44,0.18,0.85,-7.86,-30.25,prone
-0.06,-0.01,-1,0.98,-2.62,0.12,0.92,-8.17,-31.02,prone
-0.06,-0.01,-1,1.16,-2.62,0.24,0.83,-7.95,-30.75,prone
-0.06,-0.01,-1,0.98,-2.56,0.24,0.74,-7.96,-29.85,prone
-0.06,-0.01,-1,0.98,-2.56,0.24,0.55,-7.82,-30.54,prone
-0.06,-0.01,-1,1.16,-2.56,0.24,0.63,-7.82,-29.52,prone
-0.06,-0.01,-1,1.1,-2.62,0.18,1.23,-8.44,-29.36,prone
-0.06,-0.01,-1,1.1,-2.5,0.18,0.92,-7.85,-30.14,prone
-0.06,-0.01,-1,1.28,-2.38,0.12,0.72,-7.96,-29.13,prone
-0.06,-0.01,-1,1.04,-2.38,0.18,0.49,-7.92,-29.82,prone
-0.06,-0.01,-1,0.92,-2.44,0.12,0.98,-8.74,-31.09,prone
-0.06,-0.01,-1,1.1,-2.38,0.24,1.01,-8.61,-28.97,prone
-0.06,-0.01,-1,0.98,-2.5,0.24,0.78,-8.19,-29.58,prone
-0.06,-0.01,-1,0.98,-2.5,0.49,0.79,-8.35,-30.88,prone
-0.06,-0.01,-1,1.1,-2.5,0.37,1.11,-8.22,-30.11,prone
-0.06,-0.01,-1,1.22,-2.62,0.37,0.87,-8,-29.69,prone
-0.06,-0.01,-1,1.1,-2.5,0.24,0.83,-8.51,-28.8,prone
-0.06,-0.01,-1,1.04,-2.5,0.24,1.27,-8.76,-30.64,prone
-0.06,-0.01,-1,1.1,-2.5,0.24,1.27,-8.34,-28.87,prone
-0.06,-0.01,-1,1.1,-2.38,0.12,0.85,-8.13,-29.87,prone
-0.06,-0.01,-1,1.04,-2.62,0.18,0.73,-8.23,-30.76,prone
-0.06,-0.01,-1,1.22,-2.44,0.18,0.44,-7.98,-30.65,prone
-0.06,-0.01,-1,0.92,-2.44,0.31,0.94,-8.4,-30.35,prone
-0.06,-0.01,-1,1.1,-2.26,0.37,1.17,-8.31,-29.98,prone
-0.06,-0.01,-1,1.16,-2.56,0.24,1.09,-8.64,-31.1,prone
-0.06,-0.01,-1,1.16,-2.44,0.31,1.22,-7.74,-30.63,prone
-0.06,-0.01,-1,0.98,-2.38,0.24,1.14,-7.7,-30.57,prone
-0.06,-0.01,-1,1.04,-2.5,0.12,0.96,-7.8,-30.41,prone
-0.06,-0.01,-1,1.1,-2.44,0.31,0.89,-8.11,-28.77,prone
-0.06,-0.01,-1,1.1,-2.44,0.31,1.05,-8.48,-29.9,prone
-0.06,-0.01,-1,1.04,-2.38,0.31,1.06,-7.75,-29.91,prone
-0.06,-0.01,-1,1.04,-2.56,0.18,0.99,-8.24,-29.83,prone
-0.06,-0.01,-1.01,1.1,-2.32,0.12,0.65,-7.52,-29.52,prone
-0.06,-0.01,-1,0.92,-2.56,0.31,0.35,-8.36,-29.85,prone
-0.06,-0.01,-1,1.04,-2.44,0.12,0.92,-7.84,-30.19,prone
-0.06,-0.01,-1,1.04,-2.5,0.24,0.74,-8.45,-29.87,prone
-0.06,-0.01,-1,1.1,-2.38,0.31,0.76,-8.53,-30.58,prone
-0.06,-0.01,-1,1.04,-2.44,0.12,0.87,-8.34,-30.14,prone
-0.06,-0.01,-1,1.04,-2.69,0.12,0.89,-7.54,-29.79,prone
-0.06,-0.01,-1,1.04,-2.5,0.12,0.73,-8.02,-30.04,prone
-0.06,-0.01,-1,1.16,-2.44,0.18,0.35,-8.01,-29.37,prone
-0.06,-0.01,-1,0.98,-2.56,0.12,0.59,-8.02,-30.3,prone
-0.06,-0.01,-1,0.85,-2.38,0.24,0.2,-8.48,-29.42,prone
-0.06,-0.01,-1,1.04,-2.5,0.18,0.59,-8.53,-30.07,prone
-0.06,-0.01,-1.01,1.04,-2.56,0.24,0.54,-7.93,-29.79,prone
-0.06,-0.01,-1,1.1,-2.44,0.06,0.98,-7.74,-29.14,prone
-0.06,-0.01,-1,0.98,-2.5,0.24,0.87,-8.13,-30.25,prone
-0.06,-0.01,-1,0.92,-2.44,0.31,0.71,-8.22,-29.11,prone
-0.06,-0.01,-1,0.85,-2.5,0,0.68,-8.47,-28.67,prone
-0.06,-0.01,-1,1.04,-2.44,0.24,0.88,-7.9,-28.88,prone
-0.06,-0.01,-1,1.16,-2.56,0.24,0.81,-8,-30.24,prone
-0.06,-0.01,-1.01,1.22,-2.44,0.12,0.35,-8.15,-29.91,prone
-0.06,-0.01,-1,0.98,-2.44,0.24,0.09,-8.33,-29.3,prone
-0.06,-0.01,-1,1.16,-2.38,0.24,1,-8.11,-29.74,prone
-0.06,-0.01,-1,1.04,-2.62,0.31,0.76,-8.02,-29.93,prone
-0.06,-0.01,-1,0.92,-2.56,0.24,0.21,-8.19,-29.92,prone
-0.06,-0.01,-1,1.04,-2.44,0.37,0.67,-8.34,-29.77,prone
-0.06,-0.01,-1.01,0.92,-2.5,0.18,0.66,-8.46,-28.6,prone
-0.06,-0.01,-1,0.98,-2.44,0.31,0.48,-8.23,-29.6,prone
-0.06,-0.01,-1,1.16,-2.5,0.37,0.71,-8.35,-29.55,prone
-0.06,-0.01,-1,0.92,-2.44,0.37,0.45,-8.23,-30.32,prone
-0.06,-0.01,-1,1.1,-2.44,0.24,1.01,-7.63,-29.26,prone
-0.06,-0.01,-1,0.98,-2.38,0.18,0.66,-7.52,-30.25,prone
-0.06,-0.01,-1,1.04,-2.38,0.24,0.32,-8.23,-29.16,prone
-0.06,-0.01,-1,1.04,-2.5,0.24,0.6,-7.68,-29.09,prone
-0.06,-0.01,-1,1.04,-2.38,0.37,1.01,-7.82,-29.39,prone
-0.06,-0.01,-1,0.92,-2.5,0.18,0.65,-7.85,-29.88,prone
-0.06,-0.01,-1,1.16,-2.38,0.18,0.49,-7.84,-30.04,prone
-0.06,-0.01,-1,1.04,-2.38,0.24,0.56,-7.68,-28.71,prone
-0.06,-0.01,-1,1.16,-2.5,0.18,0.24,-7.43,-30.07,prone
-0.06,-0.01,-1.01,1.1,-2.38,0.12,0.16,-7.82,-30.66,prone
-0.06,-0.01,-1,1.1,-2.56,0.24,0.68,-8.33,-30.2,prone
-0.06,-0.01,-1.01,1.04,-2.56,0.24,1.1,-7.9,-29,prone
-0.06,-0.01,-1,1.1,-2.56,0.18,0.55,-7.75,-29.39,prone
-0.06,-0.01,-1,0.85,-2.5,0.31,1.25,-8.02,-30.47,prone
-0.06,-0.01,-1,1.04,-2.56,0.12,0.52,-8.68,-30,prone
-0.06,-0.01,-1,1.04,-2.38,0.24,0.99,-7.52,-29.97,prone
-0.06,-0.01,-1.01,1.04,-2.56,0.18,1.23,-7.37,-29.52,prone
-0.06,-0.01,-1,0.92,-2.32,0.31,0.83,-7.43,-29.27,prone
-0.06,-0.01,-1,1.34,-2.38,0.24,0.77,-8.08,-29.06,prone
-0.06,-0.01,-1,1.22,-2.5,0.24,0.34,-7.81,-29.66,prone
-0.06,-0.01,-1,1.04,-2.44,0.24,1.01,-8.13,-30.25,prone
-0.06,-0.01,-1,1.22,-2.44,0.31,0.65,-7.92,-29.86,prone
-0.06,-0.01,-1,1.04,-2.32,0.24,0.71,-8.15,-30.2,prone
-0.06,-0.01,-1,0.92,-2.5,0.12,0.57,-8.8,-30.86,prone
-0.06,-0.01,-1,1.1,-2.5,0.18,0.63,-7.95,-30.22,prone
-0.06,-0.01,-1,1.16,-2.44,0.24,1,-7.9,-29.21,prone
-0.06,-0.01,-1,1.04,-2.5,0.31,0.49,-8.03,-29.42,prone
-0.06,-0.01,-1,1.16,-2.69,0.24,1.4,-7.3,-29.75,prone
-0.06,-0.01,-1,0.98,-2.56,0.12,0.62,-7.85,-29.2,prone
-0.06,-0.01,-1.01,0.92,-2.62,0.06,1.37,-8,-30.85,prone
-0.06,-0.01,-1,0.98,-2.62,0.37,0.87,-7.86,-29.47,prone
-0.06,-0.01,-1.01,0.98,-2.62,0.18,1.11,-8.52,-30.58,prone
-0.06,-0.01,-1,1.04,-2.56,0.18,0.84,-8.3,-28.7,prone
-0.06,-0.01,-1,0.85,-2.81,0.18,0.61,-7.82,-29.35,prone
-0.06,-0.01,-1,1.16,-2.62,0.31,1.4,-7.9,-29.47,prone
-0.06,-0.01,-1.01,1.04,-2.56,0.18,1.25,-8.17,-29.93,prone
-0.06,-0.01,-1,1.22,-2.56,0.31,1,-7.91,-29.47,prone
-0.06,-0.01,-1,0.98,-2.56,0.24,0.78,-8.08,-30.31,prone
-0.06,-0.01,-1,0.98,-2.44,0.31,0.07,-7.85,-29.14,prone
-0.06,-0.01,-1,1.04,-2.75,0.31,0.66,-8.14,-30.14,prone
-0.06,-0.01,-1,1.04,-2.62,0.06,1.23,-8.12,-29.65,prone
-0.06,-0.01,-1,1.16,-2.62,0.24,0.51,-7.9,-31.4,prone
-0.06,-0.01,-1,1.04,-2.62,0.24,0.56,-7.3,-28.99,prone
-0.06,-0.01,-1,1.28,-2.5,0.31,0.77,-7.85,-30.24,prone
-0.06,-0.01,-1,0.98,-2.69,0.24,0.67,-7.74,-29.98,prone
-0.06,-0.01,-1,1.1,-2.62,0.31,0.95,-7.8,-29.64,prone
-0.06,-0.01,-1,1.04,-2.56,0.18,0.81,-7.81,-30.98,prone
-0.06,-0.01,-1,1.04,-2.5,0.24,0.6,-7.87,-30.49,prone
-0.06,-0.01,-1.01,0.92,-2.56,0.31,0.98,-7.74,-29.72,prone
-0.06,-0.01,-1.01,0.92,-2.56,0.24,0.34,-7.93,-29.82,prone
-0.06,-0.01,-1,1.1,-2.5,0.12,0.87,-8.12,-29.6,prone
-0.06,-0.01,-1,0.98,-2.62,0.18,0.94,-7.3,-30.52,prone
-0.06,-0.01,-1,1.22,-2.81,0.06,0.93,-8.67,-29.6,prone
-0.06,-0.01,-1,1.1,-2.56,0.24,0.95,-7.8,-31.15,prone
-0.06,-0.01,-1,1.04,-2.5,0.12,0.77,-8.24,-30,prone
-0.06,-0.01,-1.01,1.16,-2.56,0.06,0.98,-8.35,-29.87,prone
-0.06,-0.01,-1,0.98,-2.5,0.24,0.28,-7.68,-29.71,prone
-0.06,-0.01,-1,1.04,-2.69,0.24,1.01,-7.9,-29.96,prone
-0.06,-0.01,-1,1.04,-2.69,0.18,0.82,-7.92,-29.54,prone
-0.06,-0.01,-1,0.98,-2.62,0.18,1.34,-7.9,-30.19,prone
-0.06,-0.01,-1,0.92,-2.69,0.18,0.84,-8.4,-30.74,prone
-0.06,-0.01,-1,1.04,-2.75,0.18,1,-8.54,-30.19,prone
-0.06,-0.01,-1,0.92,-2.56,0.24,1.09,-8.15,-29.55,prone
-0.06,-0.01,-1,1.22,-2.5,0.06,0.9,-8.47,-29.92,prone
-0.06,-0.01,-1,0.98,-2.5,0.37,1.17,-7.98,-29.5,prone
-0.06,-0.01,-1,0.98,-2.5,0.24,0.56,-7.93,-29.11,prone
-0.06,-0.01,-1,0.98,-2.62,0.18,0.95,-8.4,-29.05,prone
-0.06,-0.01,-1,1.04,-2.56,0.24,0.84,-7.65,-29.93,prone
-0.06,-0.01,-1.01,0.98,-2.62,0.12,0.55,-7.86,-29.31,prone
-0.06,-0.01,-1,1.04,-2.56,0.31,0.95,-8.09,-29.55,prone
-0.06,-0.01,-1,1.04,-2.62,0.18,0.73,-8,-30.75,prone
-0.06,-0.01,-1,1.04,-2.56,0.31,0.72,-7.96,-30.59,prone
-0.06,-0.01,-1,0.98,-2.69,0.31,0.81,-8.74,-30.18,prone
-0.06,-0.01,-1,1.16,-2.69,0.24,0.18,-8.79,-29.31,prone
-0.06,-0.01,-1.01,1.1,-2.44,0.37,0.33,-8.19,-30.16,prone
-0.06,-0.01,-1,1.1,-2.62,0.18,0.52,-8.04,-29.25,prone
-0.06,-0.01,-1,1.1,-2.56,0.31,0.85,-8.15,-29.11,prone
-0.06,-0.01,-1,1.04,-2.56,0.18,0.88,-8.22,-29.83,prone
-0.06,-0.01,-1,1.04,-2.56,0.18,0.48,-8.07,-29.58,prone
-0.06,-0.01,-1,1.1,-2.5,0.24,0.79,-8.51,-30.19,prone
-0.06,-0.01,-1.01,1.04,-2.62,0.18,0.54,-8.31,-29.25,prone
-0.06,-0.01,-1.01,1.04,-2.62,0.24,0.07,-8.19,-29.83,prone
-0.06,-0.01,-1,0.98,-2.5,0.18,0.45,-8.34,-29.93,prone
-0.06,-0.01,-1,0.98,-2.5,0.18,0.55,-8.12,-30.36,prone
-0.06,-0.01,-1,0.98,-2.56,0.24,0.79,-8.35,-31.03,prone
-0.06,-0.01,-1,1.04,-2.56,0.24,0.77,-8.08,-29.63,prone
-0.06,-0.01,-1,0.92,-2.5,0.24,1.17,-8.23,-29.49,prone
-0.06,-0.01,-1,0.98,-2.69,0.31,1.21,-8.26,-30.1,prone
-0.06,-0.01,-1,1.04,-2.5,0.24,0.98,-8.13,-29.86,prone
-0.06,-0.01,-1,1.16,-2.44,0.31,1.37,-8.15,-30,prone
-0.06,-0.01,-1,1.16,-2.5,0.24,1.09,-8.31,-28.86,prone
-0.06,-0.01,-1.01,1.16,-2.5,0.31,0.31,-8.14,-30.51,prone
-0.06,-0.01,-1,1.04,-2.5,0.31,1.28,-8.03,-29.66,prone
-0.06,-0.01,-1.01,1.04,-2.56,0.24,1.29,-8.06,-30.15,prone
-0.06,-0.01,-1.01,0.98,-2.56,0.24,0.79,-8.3,-29.52,prone
-0.06,-0.01,-1,1.04,-2.62,0.18,0.94,-8.53,-29.11,prone
-0.06,-0.01,-1,1.16,-2.5,0.31,0.6,-8.12,-29.36,prone
-0.06,-0.01,-1,1.1,-2.69,0.24,0.7,-8.58,-30.53,prone
-0.06,-0.01,-1,1.16,-2.69,0.31,0.95,-8.53,-29.47,prone
-0.06,-0.01,-1,1.1,-2.5,0.24,0.44,-8.04,-29.91,prone
-0.06,-0.01,-1,1.16,-2.56,0.12,1.14,-8.17,-30.57,prone
-0.06,-0.01,-1.01,1.16,-2.62,0.31,0.7,-8.46,-30.47,prone
-0.06,-0.01,-1,0.92,-2.56,0.24,1.15,-8.35,-30.05,prone
-0.06,-0.01,-1,1.04,-2.69,0.18,0.95,-7.92,-29.13,prone
-0.06,-0.01,-1,0.92,-2.56,0.12,1.11,-8.04,-29.57,prone
-0.06,-0.01,-1,0.92,-2.44,0.12,1.05,-8.86,-30.43,prone
-0.06,-0.01,-1,1.1,-2.56,0.18,0.68,-8,-29.7,prone
-0.06,-0.01,-1,1.1,-2.62,0.24,0.68,-8.11,-29.37,prone
-0.06,-0.01,-1,1.1,-2.56,0.24,0.67,-8.01,-29.26,prone
-0.06,-0.01,-1,1.22,-2.56,0.24,0.4,-7.96,-29.58,prone
-0.06,-0.01,-1,1.04,-2.5,0.18,0.83,-8.45,-29.97,prone
-0.06,-0.01,-1,1.1,-2.56,0.31,0.89,-8.52,-29.2,prone
-0.06,-0.01,-1,1.1,-2.5,0.18,0.61,-8.57,-29.82,prone
-0.06,-0.01,-1.01,0.98,-2.62,0.24,0.71,-8.61,-29.24,prone
-0.06,-0.01,-1.01,1.04,-2.69,0.18,0.17,-8.06,-28.61,prone
-0.06,-0.01,-1,0.92,-2.5,0.24,0.26,-8.09,-29.21,prone
-0.06,-0.01,-1,0.85,-2.62,0.31,0.85,-7.54,-28.92,prone
-0.06,-0.01,-1,0.85,-2.56,0.12,0.43,-8.11,-29.75,prone
-0.06,-0.01,-1,0.92,-2.44,0.31,0.54,-7.96,-29.39,prone
-0.06,-0.01,-1,1.16,-2.5,0.31,0.99,-8.51,-29.39,prone
-0.06,-0.01,-1,0.98,-2.62,0.18,0.62,-8.68,-30.25,prone
-0.06,-0.01,-1,1.04,-2.69,0.31,1.18,-8.65,-29.94,prone
-0.06,-0.01,-1,0.98,-2.62,0.24,1.2,-8.31,-30.4,prone
-0.06,-0.01,-1,0.98,-2.62,0.18,0.88,-8.42,-30.32,prone
-0.06,-0.01,-1,1.22,-2.56,0.31,0.78,-8.87,-29.74,prone
-0.06,-0.01,-1,0.98,-2.69,0.31,1.01,-8.23,-29.74,prone
-0.06,-0.01,-1.01,1.1,-2.56,0.31,0.52,-8.48,-29.5,prone
-0.06,-0.01,-1.01,1.04,-2.5,0,1.29,-8.22,-29.28,prone
-0.06,-0.01,-1,0.98,-2.62,0.18,0.89,-8.75,-29.54,prone
-0.06,-0.01,-1,0.92,-2.62,0.24,0.29,-8.8,-29.96,prone
-0.06,-0.01,-1,0.98,-2.62,0.12,0.44,-8.72,-30.14,prone
-0.06,-0.01,-1,1.1,-2.5,0.18,0.56,-8.81,-29.46,prone
-0.06,-0.01,-1,1.1,-2.44,0.24,1.29,-8.54,-29.76,prone
-0.06,-0.01,-1,0.85,-2.69,0.24,0.89,-9.11,-29.58,prone
-0.06,-0.01,-1,1.04,-2.56,0.24,0.52,-8.47,-30.38,prone
-0.06,-0.01,-1,1.04,-2.62,0.24,1.03,-8.72,-30.15,prone
-0.06,-0.01,-1,0.98,-2.56,0.06,0.5,-8.44,-29.75,prone
-0.06,-0.01,-1,0.98,-2.62,0.18,0.84,-8.78,-29.97,prone
-0.06,-0.01,-1,1.1,-2.56,0.06,0.63,-8.85,-29.46,prone
-0.06,-0.01,-1.01,1.16,-2.62,0.06,0.79,-9.06,-29.36,prone
-0.06,-0.01,-1.01,1.04,-2.62,0.18,1.05,-8.5,-29.53,prone
-0.06,-0.01,-1.01,1.04,-2.62,0.24,1.15,-8.42,-29.09,prone
-0.06,-0.01,-1,0.98,-2.62,0.06,0.9,-8.37,-29.83,prone
-0.06,-0.01,-1,1.1,-2.5,0.37,0.73,-8.85,-29.55,prone
-0.06,-0.01,-1,1.22,-2.56,0.12,0.95,-8.51,-29.11,prone
-0.06,-0.01,-1.01,1.04,-2.62,0.12,1.09,-9.01,-29.5,prone
-0.06,-0.01,-1,1.1,-2.62,0.18,1.18,-8.61,-29.8,prone
-0.06,-0.01,-1,0.98,-2.44,0.18,1.04,-8.54,-29.69,prone
-0.06,-0.01,-1,0.98,-2.56,0.06,0.68,-8.47,-28.97,prone
-0.06,-0.01,-1,1.04,-2.69,0.24,0.11,-8.65,-29.61,prone
-0.06,-0.01,-1,1.04,-2.81,0.18,0.95,-8.69,-29.42,prone
-0.06,-0.01,-1,1.1,-2.56,0.31,0.68,-8.91,-28.48,prone
-0.06,-0.01,-1,1.16,-2.62,0.31,0.7,-8.41,-28.6,prone
-0.06,-0.01,-1,1.28,-2.62,0.37,0.57,-8.65,-29.02,prone
-0.06,-0.01,-1,1.22,-2.44,0.18,0.6,-8.48,-28.71,prone
-0.06,-0.01,-1,0.98,-2.56,0.18,0.57,-8.35,-29.36,prone
-0.06,-0.01,-1,0.98,-2.5,0.12,0.48,-8.67,-29.17,prone
-0.06,-0.01,-1,1.1,-2.5,0.37,1.2,-8.59,-29.26,prone
-0.06,-0.01,-1.01,1.1,-2.38,0.31,0.38,-8.7,-29.22,prone
-0.06,-0.01,-1.01,0.98,-2.5,0.24,0.95,-8.97,-29.39,prone
-0.06,-0.01,-1,0.98,-2.44,0.24,0.94,-8.7,-29.36,prone
-0.06,-0.01,-1,1.1,-2.5,0.18,0.83,-8.4,-30.25,prone
-0.06,-0.01,-1,1.04,-2.38,0.31,0.37,-8.58,-29.38,prone
-0.05,-0.01,-1,0.98,-2.38,0.31,1.06,-8.78,-28.32,prone
-0.06,-0.01,-1,1.16,-2.5,0.12,0.92,-8.35,-29.93,prone
-0.06,-0.01,-1,1.1,-2.5,0.24,0.61,-8.5,-30.58,prone
-0.06,-0.01,-1,1.1,-2.44,0.31,0.52,-8.28,-29.59,prone
-0.06,-0.01,-1,1.16,-2.38,0.18,1.2,-8.76,-28.85,prone
-0.06,-0.01,-1,0.92,-2.44,0.31,1.1,-8.7,-30.09,prone
-0.06,-0.01,-1,1.04,-2.44,0.18,1.27,-8,-29.7,prone
-0.06,-0.01,-1,1.04,-2.32,0.31,1.2,-8.57,-29.15,prone
-0.06,-0.01,-1,0.92,-2.38,0.24,0.7,-8.56,-30.02,prone
-0.06,-0.01,-1,1.1,-2.5,0.24,1.01,-8.02,-30.47,prone
-0.06,-0.01,-1,1.1,-2.38,0.24,0.76,-8.09,-29.8,prone
-0.06,-0.01,-1,1.1,-2.44,0.37,1.46,-8.08,-28.78,prone
-0.06,-0.01,-1,0.92,-2.56,0.31,1.27,-8.46,-29.81,prone
-0.06,-0.01,-1,0.85,-2.38,0.24,0.74,-8.73,-28.78,prone
-0.06,-0.01,-1,0.98,-2.38,0.18,1.05,-8.53,-28.78,prone
-0.06,-0.01,-1,0.98,-2.38,0.12,1.03,-8.24,-29.96,prone
-0.06,-0.01,-1,0.92,-2.56,0.37,1.39,-7.74,-29.57,prone
-0.06,-0.01,-1,1.16,-2.44,0.24,1.03,-8.48,-30.05,prone
-0.06,-0.01,-1,0.92,-2.62,0.24,0.82,-8.56,-29.92,prone
-0.06,-0.01,-1,0.92,-2.56,0.18,0.89,-8.01,-28.81,prone
-0.06,-0.01,-1,0.98,-2.5,0.24,0.79,-8.29,-28.36,prone
-0.06,-0.01,-1,1.04,-2.38,0.18,1.04,-8.5,-28.67,prone
-0.06,-0.01,-1,1.04,-2.5,0.18,0.31,-8.14,-28.83,prone
-0.06,-0.01,-1,0.92,-2.5,0.31,1.14,-8.18,-29.14,prone
-0.06,-0.01,-1,1.22,-2.44,0.12,1.22,-8.12,-29.6,prone
-0.06,-0.01,-1,1.22,-2.5,0.18,-0.21,-8.29,-28.53,prone
-0.06,-0.01,-1,1.04,-2.56,0.12,0.79,-7.98,-29.13,prone
-0.06,-0.01,-1,0.92,-2.56,0.31,0.92,-8.44,-29.81,prone
-0.06,-0.01,-1,1.1,-2.44,0.37,0.63,-8.73,-29.46,prone
-0.06,-0.01,-1,0.85,-2.5,0.18,1,-8.53,-28.38,prone
-0.06,-0.01,-1,1.1,-2.5,0.18,0.21,-7.87,-28.83,prone
-0.06,-0.01,-1,1.04,-2.38,0.55,0.71,-8.01,-29.54,prone
-0.06,-0.01,-1,1.04,-2.62,0.24,0.92,-8.69,-29.19,prone
-0.06,-0.01,-1,0.92,-2.44,0.37,0.81,-7.65,-29.59,prone
-0.06,-0.01,-1.01,0.92,-2.44,0.31,1.09,-7.91,-29.6,prone
-0.06,-0.01,-1,1.04,-2.32,0.24,0.77,-8.36,-29.39,prone
-0.06,-0.01,-1,0.98,-2.38,0.18,0.66,-8.61,-29.42,prone
-0.06,-0.01,-1,0.98,-2.38,0.24,0.93,-8.31,-29.41,prone
-0.06,-0.01,-1,0.85,-2.56,0.12,0.89,-8.3,-29.26,prone
-0.06,-0.01,-1,1.1,-2.69,0.12,0.63,-8.34,-30.6,prone
-0.06,-0.01,-1.01,1.1,-2.44,0.24,-0.04,-8.18,-29.9,prone
-0.06,-0.01,-1,0.98,-2.56,0.12,1.35,-8.29,-29.08,prone
-0.06,-0.01,-1,1.04,-2.56,0.12,0.89,-8.08,-29.38,prone
-0.06,-0.01,-1,1.04,-2.56,0.24,1.07,-8.61,-29.37,prone
-0.06,-0.01,-1,1.1,-2.56,0.37,0.78,-8.13,-28.63,prone
-0.06,-0.01,-1,1.04,-2.44,0.24,1.06,-8.3,-29.76,prone
-0.06,-0.01,-1,0.98,-2.5,0.31,0.68,-8.12,-30.24,prone
-0.06,-0.01,-1,0.85,-2.32,0.18,0.94,-8.42,-28.8,prone
-0.06,-0.01,-1,1.04,-2.44,0.24,0.82,-8.56,-29.17,prone
-0.06,-0.01,-1,1.04,-2.5,0.24,0.49,-8.51,-28.66,prone
-0.06,-0.01,-1,1.1,-2.44,0.31,0.6,-8.02,-29.91,prone
-0.06,-0.01,-1,0.98,-2.5,0.24,0.71,-8.06,-28.88,prone
-0.06,-0.01,-1,1.16,-2.56,0.24,0.84,-7.87,-28.32,prone
-0.06,-0.01,-1,1.04,-2.38,0.18,0.99,-7.82,-29.58,prone
-0.06,-0.01,-1.01,1.04,-2.56,0.31,0.2,-7.45,-29.76,prone
-0.06,-0.01,-1,0.92,-2.56,0.18,0.59,-8.33,-29.46,prone
-0.06,-0.01,-1,1.1,-2.56,0.24,0.43,-8.12,-29.46,prone
-0.06,-0.01,-1,1.04,-2.44,0.24,0.66,-7.93,-28.55,prone
-0.06,-0.01,-1,1.1,-2.38,0.24,1.01,-7.97,-30.04,prone
-0.06,-0.01,-1,1.04,-2.38,0.18,0.62,-7.65,-29.11,prone
-0.06,-0.01,-1.01,1.16,-2.5,0.31,0.37,-8.28,-29.33,prone
-0.06,-0.01,-1,1.16,-2.38,0.18,0.18,-8.28,-29.65,prone
-0.06,-0.01,-1,0.98,-2.32,0.31,0.74,-8.42,-29.03,prone
-0.06,-0.01,-1,1.1,-2.26,0.37,1,-8.54,-29.3,prone
-0.06,-0.01,-1,1.04,-2.32,0.31,0.31,-8.52,-28.92,prone
-0.06,-0.01,-1,1.04,-2.44,0.24,0.63,-8.74,-29.3,prone
-0.06,-0.01,-1,1.04,-2.5,0.24,0.24,-8.58,-29.32,prone
-0.06,-0.01,-1,0.98,-2.44,0.37,0.06,-7.86,-28.33,prone
-0.06,-0.01,-1,1.1,-2.26,0.18,0.87,-8.03,-28.67,prone
-0.06,-0.01,-1,0.85,-2.5,0.18,0.9,-8.24,-29.6,prone
-0.06,-0.01,-1,1.04,-2.5,0.06,0.57,-8,-28.5,prone
-0.06,-0.01,-1,0.92,-2.5,0.18,0.76,-7.47,-29.53,prone
-0.06,-0.01,-1,1.1,-2.44,0.24,0.82,-8.41,-29.39,prone
-0.06,-0.01,-1.01,1.16,-2.44,0.18,0.77,-7.95,-29.21,prone
-0.06,-0.01,-1,1.04,-2.44,0.18,0.95,-7.74,-29.28,prone
-0.06,-0.01,-1,0.98,-2.38,0.31,0.98,-7.86,-29.74,prone
-0.06,-0.01,-1,0.98,-2.5,0.31,0.4,-7.92,-30.3,prone
-0.06,-0.01,-1,0.98,-2.44,0.18,0.04,-8.03,-28.65,prone
-0.06,-0.01,-1,1.1,-2.44,0.31,0.51,-8,-28.56,prone
-0.06,-0.01,-1,0.85,-2.38,-0.06,1.07,-8.54,-29.1,prone
-0.06,-0.01,-1,1.04,-2.44,0.12,0.39,-8.07,-28.66,prone
-0.06,-0.01,-1,0.92,-2.44,0.24,0.59,-8.02,-29.8,prone
-0.06,-0.01,-1,0.98,-2.56,0.24,0.71,-8.64,-30.48,prone
-0.06,-0.01,-1,1.1,-2.56,0.18,1.16,-7.82,-30.02,prone
-0.06,-0.01,-1,0.98,-2.5,0.18,0.68,-8.33,-29.15,prone
-0.06,-0.01,-1,1.04,-2.5,0.24,0.82,-7.98,-29.35,prone
-0.06,-0.01,-1,0.85,-2.56,0.12,0.71,-8.24,-29.55,prone
-0.06,-0.01,-1,1.04,-2.44,0.24,0.56,-8.02,-28.33,prone
-0.06,-0.01,-1,1.04,-2.38,0.24,1.16,-8.25,-29.48,prone
-0.06,-0.01,-1,0.98,-2.44,0.31,1.03,-8,-29.22,prone
-0.06,-0.01,-1,1.1,-2.62,0.31,0.84,-7.7,-29.66,prone
-0.06,-0.01,-1,1.1,-2.5,0.18,0.96,-8.4,-29.87,prone
-0.06,-0.01,-1.01,0.92,-2.56,0.31,1.61,-8.41,-29.81,prone
-0.06,-0.01,-1,0.92,-2.44,0.18,1.23,-8.42,-29.88,prone
-0.06,-0.01,-1,1.04,-2.5,0.31,0.87,-8.45,-29.31,prone
-0.06,-0.01,-1,1.04,-2.32,0.18,1.32,-8.19,-30.07,prone
-0.06,-0.01,-1,0.98,-2.44,0.24,0.31,-7.9,-29.26,prone
-0.06,-0.01,-1,0.98,-2.38,0.31,1.04,-8.4,-29.98,prone
-0.06,-0.01,-1.01,1.1,-2.5,0.12,0.82,-8.41,-28.56,prone
-0.06,-0.01,-1,1.04,-2.44,0.31,1,-8.44,-29.32,prone
-0.06,-0.01,-1,0.92,-2.44,0.31,0.94,-8.44,-29.25,prone
-0.06,-0.01,-1,0.98,-2.62,0,0.84,-8.36,-29.69,prone
-0.05,-0.01,-1,1.65,-2.62,0.43,0.61,-8.11,-28.53,prone
-0.06,-0.01,-1,1.1,-2.5,0.31,0.18,-8.96,-29.66,prone
-0.06,-0.01,-1.01,0.98,-2.5,0.18,0.73,-7.85,-29.66,prone
-0.06,-0.01,-1.01,1.04,-2.5,0.24,0.89,-8.37,-28.89,prone
-0.06,-0.01,-1.01,1.04,-2.38,0.18,0.66,-8.51,-29.71,prone
-0.06,-0.01,-1,1.04,-2.5,0.12,0.06,-8.5,-30.08,prone
-0.06,-0.01,-1,0.98,-2.38,0.18,0.83,-8.36,-29.93,prone
